wl;1;2;3;4;5;6
187,723;67,94;82,96;74,08;-8,35;-2,43;104,53
188,202;58,57;91,13;70,29;-9,18;-6,6;81,43
188,68;34,95;90,71;79,79;-36,62;-54,12;45,83
189,159;45,84;78,53;68,72;-13,63;-31,18;55,31
189,637;27,53;95,9;62,67;-11,88;-20,3;87,87
190,115;3,85;88,11;80,34;-28,96;-61,23;88,88
190,594;45,68;108,83;122,68;-53,44;-99,87;85,1
191,072;81,55;141,37;169,44;-74,65;-137,06;123,54
191,55;57,9;46,03;-72,34;29,62;116,22;79,27
192,028;22,83;69,46;8,56;24,66;79,98;140,42
192,507;34,69;79,8;37,06;46,8;79,73;186,54
192,985;82,98;72,12;101,92;44,07;80,87;138,75
193,463;66,19;88,56;121,76;13,36;-15,49;54,43
193,941;-108,38;50,16;246,91;-50,43;-446,41;-214,22
194,419;22,69;2,72;176,61;-32,63;-259,95;-75,06
194,898;-38,53;-2,61;195,68;-134,53;-213,57;-36,19
195,376;-30,82;-1,85;130,23;-98,35;-172,5;-42,15
195,854;95,86;43,59;147,32;-64,67;-111,48;-14,11
196,332;201,43;73,65;236,41;-112,12;-103,26;12,55
196,81;494,06;420,5;878,7;-690,46;-757,63;-264,67
197,288;-10,27;91,84;7,66;169,29;185,4;159,12
197,766;10,89;186,98;49,61;274,14;258,44;253,72
198,244;-24,24;-815,66;-225,67;-1297,45;-1050,08;-1007,93
198,722;-59,69;-277,29;-64,12;-385,83;-260,75;-195,45
199,2;-23,3;-137,56;-0,94;-226,42;-130,14;-63,46
199,677;-36,95;-70,93;-26,14;-155,55;-92,82;-47,96
200,155;-75,83;-73,42;-49,33;-140,47;-88,16;-33,72
200,633;-122,34;-126,85;-23,46;-165,07;-114,54;-24,48
201,111;-103,04;-89,18;-32,29;-142,57;-124,24;-38,96
201,589;-55,14;-37,56;-13,58;-76,69;-84,31;-23,22
202,066;-43,06;-46,61;-1,59;-61,05;-73,76;-23,62
202,544;-26,37;-37,45;5,39;-36,07;-52,67;-23,58
203,022;-23,83;-19,09;17,56;-16,85;-35,94;-8,65
203,5;-39,76;-14,95;12,23;-7,81;-40,52;-8,95
203,977;-60,47;-29,8;5,38;-20,55;-55,98;-34,69
204,455;-61,89;-49,48;-7,23;-30,34;-54,03;-51,48
204,933;-61,67;-59,03;-5,47;-29,19;-49,68;-39,49
205,41;-55,77;-60,77;-9,64;-28,85;-60,44;-41,93
205,888;-45,28;-59,35;-18,6;-37,39;-68,16;-55,95
206,365;-70,94;-85,96;-29,63;-62,69;-78,75;-79,82
206,843;-96,79;-107,44;-34,4;-88,69;-81,26;-95,09
207,32;-82,47;-97,05;-16,43;-86,91;-72,49;-100,75
207,798;-59,79;-59,58;3,76;-67,31;-52,24;-68,29
208,275;-70,17;-60,92;-2,17;-60,56;-57,18;-63,82
208,753;-66,8;-78,53;-6,93;-61,61;-63,26;-63,95
209,23;-29,29;-58,14;-6,84;-37,05;-34,98;-34,17
209,707;-24,53;-44,06;0,94;-24,95;-22,92;-22,82
210,185;-23,56;-37,37;10,01;-17,49;-12,93;-19,29
210,662;-22,61;-29,34;18,18;-9,2;-14,3;-8,86
211,139;-30,95;-29,38;24,23;-5,47;-18,74;-7,52
211,617;-32,54;-22,39;27,13;-1,29;-7,69;6,24
212,094;-33,25;-27,39;23,83;-2,98;-14,24;7,06
212,571;-47,46;-41,02;18,47;-13,77;-21,93;2,85
213,048;-65,25;-53,22;3,28;-28,23;-29,97;0,31
213,526;-62,25;-48,41;-1,65;-37,42;-31,8;1,28
214,003;-50,27;-35,42;10,18;-34,23;-26,04;0,3
214,48;-46,56;-18,42;13,94;-30,4;-23,94;4,13
214,957;-61,26;-19,06;5,29;-45,18;-37,35;4,24
215,434;-55,24;-16,85;-3,67;-58,84;-42,53;-10,89
215,911;-47,71;-11,82;-11,5;-62,99;-31,12;-14,33
216,388;-50,71;-11,68;-17,32;-67,4;-20,4;-16,51
216,865;-47,07;-22,81;-23,67;-77,83;-40,02;-33,05
217,342;-31,32;-13,17;-29,27;-71,87;-38,94;-28,07
217,819;-21,14;-0,52;-32,83;-56,75;-24,62;-6,67
218,296;-22,85;-3,16;-34,76;-54,37;-24,02;-9,17
218,773;-9,76;-13,33;-28,46;-50,15;-20,55;-13,53
219,25;-10,05;-21,39;-30,14;-50,55;-17,13;-11,7
219,727;-9,81;-34,58;-31,3;-48;-18,78;-18,96
220,204;5,66;-40;-21,87;-36,4;-19,46;-26,87
220,681;12,86;-42,44;-8,26;-14,34;-14,34;-27,53
221,157;17,83;-36,4;-0,4;-0,24;-4,16;-27,59
221,634;15,14;-42,82;-7,35;-7,19;-12,51;-32,35
222,111;16,5;-36,07;-2,53;-7,14;-7,57;-25,43
222,588;15,81;-28,88;3,04;0,79;2,58;-11,5
223,064;15,65;-35,45;2,51;4,7;-4,32;-18,39
223,541;20,21;-44,53;1,98;7,48;-13,72;-30,99
224,018;13,49;-38,06;-5,67;4,52;-9,28;-29,73
224,494;8,08;-32,78;-7,6;3,63;-10,94;-26,72
224,971;6,84;-34,39;-7,28;-0,58;-16,18;-31,52
225,448;2,45;-25,59;-11,05;-5,47;-12,13;-22,48
225,924;-5,59;-24,39;-14,5;-18,1;-14,87;-11,75
226,401;-1,54;-25,1;-8,09;-16,84;-16,55;-4,89
226,877;6,71;-19,7;-3,96;-6,66;-12,65;-0,1
227,354;6,96;-19,5;-5,28;-1,73;-9,26;2,13
227,83;7,52;-19,56;-6,3;-3,57;-8,87;-2,85
228,307;7,65;-18,7;-5,47;-4,66;-8,46;-5,26
228,783;6,46;-14,33;-3,98;-4,84;-5,03;-1,65
229,26;1,56;-14,57;-4,04;-6,36;-6,36;0,78
229,736;-2,89;-18,11;-7,02;-9,26;-9,02;-0,53
230,212;-1,99;-17,64;-6,4;-8,09;-7,96;0,51
230,689;-1,03;-15,33;-2,54;-6,05;-6,17;0,76
231,165;-0,03;-12,35;1,03;-3,16;-4,46;0,18
231,641;-1,56;-10,65;0,91;-4,11;-4,85;-1,73
232,117;-2,98;-9,43;0,82;-4,58;-5,24;-1,66
232,594;-4,64;-8,11;0,05;-5,18;-5,4;-1,28
233,07;-5,11;-8,04;-0,23;-5,13;-6,15;-2,04
233,546;-4,49;-6,2;0,22;-4,64;-5;-0,7
234,022;-2,81;-4,09;1,75;-2,51;-3,49;1,02
234,498;-0,05;-2,75;3,02;-0,12;-2,52;1,05
234,975;2,43;-1,05;3,72;0,95;-0,56;1,24
235,451;2,5;-0,24;4,02;1,05;0,88;1,23
235,927;2,48;0,15;3,59;1,2;1,11;1,34
236,403;2,39;-0,04;2,35;0,95;0,34;1,46
236,879;1,49;-0,35;0,81;-0,09;0,13;0,81
237,355;1,27;0,05;0,65;-0,47;0,95;0,57
237,831;1,59;0,17;0,95;-0,28;0,88;0,17
238,307;1,56;-0,13;1,15;0,11;0,75;-0,09
238,783;1,41;0,08;1,33;0,5;1,02;0,55
239,258;0,79;-0,27;0,86;-0,37;0,57;0,25
239,734;0,25;-0,51;0,57;-0,77;0,03;-0,32
240,21;-0,48;-0,58;0,31;-0,97;-0,27;-0,45
240,686;-0,96;-0,54;-0,22;-1,1;-0,67;-0,31
241,162;-1,08;-0,67;-0,59;-0,9;-0,73;-0,35
241,638;-0,94;-0,5;-0,55;-0,61;-0,58;-0,33
242,113;-0,63;-0,53;-0,19;-0,28;-0,45;0,03
242,589;-0,47;-0,82;-0,35;-0,05;-0,5;0,16
243,065;-0,52;-0,84;-0,59;0,12;-0,29;0,33
243,54;-0,61;-0,73;-0,72;0,14;0;0,45
244,016;-0,65;-0,88;-0,82;-0,08;-0,13;0,24
244,492;-0,41;-0,79;-0,62;0,19;-0,05;0,18
244,967;-0,03;-0,55;-0,39;0,38;0,24;0,38
245,443;0,13;-0,51;-0,39;0,42;0,13;0,46
245,919;0,37;-0,53;-0,31;0,31;0,04;0,37
246,394;0,57;-0,64;-0,18;0,28;-0,03;0,23
246,87;0,4;-0,76;-0,31;0,24;0,02;0,14
247,345;0,28;-0,61;-0,26;0,43;0,06;0,09
247,821;0,36;-0,39;-0,04;0,41;0,03;0,04
248,296;0,47;-0,27;0,2;0,17;-0,06;0,12
248,771;0,39;-0,06;0,3;0,1;-0,08;0,31
249,247;0,48;0,11;0,34;0,18;-0,1;0,28
249,722;0,44;0,23;0,19;0,24;-0,12;0,34
250,198;0,26;0,2;0,2;0,31;-0,2;0,4
250,673;0,26;0,13;0,29;0,27;-0,21;0,33
251,148;0,23;0,2;0,26;0,35;-0,29;0,29
251,623;0,13;0,21;0,16;0,28;-0,29;0,26
252,099;0,05;0,04;-0,02;0,09;-0,44;0,07
252,574;0,08;-0,12;-0,13;-0,1;-0,56;-0,01
253,049;0,01;-0,09;-0,16;-0,07;-0,5;0,03
253,524;0;-0,05;-0,24;0,16;-0,45;0,1
253,999;0,09;-0,21;-0,28;0,22;-0,54;0
254,475;0,1;-0,29;-0,23;0,34;-0,57;-0,05
254,95;0,1;-0,29;-0,16;0,33;-0,51;-0,06
255,425;0,07;-0,31;-0,2;0,18;-0,5;-0,15
255,9;0,08;-0,27;-0,23;0,09;-0,4;-0,18
256,375;0,19;-0,2;-0,16;0,14;-0,18;-0,05
256,85;0,21;-0,11;-0,1;0,27;-0,14;0,05
257,325;0,32;0,04;0,08;0,44;-0,05;0,17
257,8;0,35;0,11;0,08;0,46;-0,05;0,23
258,275;0,36;0,05;0,05;0,43;-0,13;0,21
258,75;0,35;0;0,02;0,4;-0,19;0,1
259,225;0,42;0,11;0,01;0,43;-0,23;0,14
259,699;0,46;0,19;0,05;0,36;-0,14;0,23
260,174;0,54;0,19;0,08;0,36;-0,09;0,24
260,649;0,59;0,19;0,06;0,39;-0,14;0,22
261,124;0,64;0,17;0,11;0,53;-0,18;0,22
261,599;0,55;0,16;0,15;0,52;-0,25;0,16
262,073;0,51;0,12;0,16;0,45;-0,29;0,1
262,548;0,6;0,18;0,23;0,49;-0,25;0,16
263,023;0,63;0,3;0,32;0,6;-0,2;0,2
263,497;0,59;0,35;0,36;0,58;-0,2;0,18
263,972;0,64;0,36;0,41;0,55;-0,17;0,18
264,447;0,67;0,41;0,43;0,51;-0,06;0,24
264,921;0,65;0,39;0,42;0,54;-0,11;0,21
265,396;0,65;0,38;0,41;0,53;-0,21;0,13
265,87;0,71;0,46;0,41;0,53;-0,14;0,21
266,345;0,69;0,54;0,45;0,53;-0,06;0,36
266,82;0,74;0,53;0,52;0,61;-0,03;0,4
267,294;0,73;0,54;0,5;0,56;-0,09;0,44
267,768;0,62;0,56;0,44;0,51;-0,11;0,48
268,243;0,61;0,51;0,38;0,52;-0,1;0,53
268,717;0,64;0,5;0,3;0,52;-0,12;0,52
269,192;0,67;0,54;0,32;0,55;-0,06;0,49
269,666;0,56;0,47;0,28;0,57;-0,12;0,42
270,14;0,48;0,39;0,18;0,49;-0,2;0,36
270,615;0,43;0,36;0,18;0,47;-0,14;0,37
271,089;0,34;0,34;0,19;0,51;-0,14;0,36
271,563;0,26;0,24;0,14;0,46;-0,3;0,28
272,037;0,28;0,21;0,04;0,36;-0,32;0,24
272,512;0,35;0,28;0;0,31;-0,24;0,26
272,986;0,38;0,25;-0,02;0,26;-0,22;0,18
273,46;0,36;0,16;-0,05;0,24;-0,24;0,06
273,934;0,45;0,14;0,02;0,28;-0,19;0,14
274,408;0,39;0,08;0,02;0,26;-0,24;0,19
274,882;0,41;0,04;0,05;0,25;-0,24;0,08
275,356;0,52;0,15;0,23;0,36;-0,11;0,15
275,83;0,52;0,17;0,32;0,41;-0,03;0,26
276,304;0,5;0,13;0,37;0,42;0;0,26
276,778;0,58;0,23;0,45;0,45;0,14;0,27
277,252;0,53;0,21;0,45;0,42;0,16;0,33
277,726;0,53;0,2;0,56;0,53;0,18;0,37
278,2;0,59;0,24;0,63;0,56;0,16;0,39
278,674;0,56;0,3;0,67;0,48;0,18;0,42
279,148;0,41;0,27;0,54;0,37;0,15;0,33
279,622;0,43;0,27;0,46;0,37;0,13;0,28
280,096;0,54;0,31;0,51;0,38;0,16;0,37
280,57;0,57;0,28;0,39;0,34;0,15;0,42
281,043;0,58;0,28;0,31;0,36;0,1;0,37
281,517;0,61;0,23;0,25;0,37;0,08;0,31
281,991;0,64;0,17;0,24;0,39;0,12;0,34
282,464;0,68;0,18;0,33;0,51;0,21;0,36
282,938;0,64;0,17;0,32;0,55;0,27;0,3
283,412;0,62;0,17;0,24;0,61;0,33;0,35
283,885;0,63;0,1;0,18;0,61;0,34;0,39
284,359;0,67;0,02;0,3;0,64;0,39;0,43
284,833;0,67;-0,03;0,39;0,61;0,36;0,45
285,306;0,56;-0,05;0,36;0,53;0,31;0,42
285,78;0,49;-0,02;0,4;0,53;0,33;0,4
286,253;0,47;-0,02;0,38;0,48;0,3;0,38
286,727;0,48;-0,01;0,33;0,42;0,29;0,38
287,2;0,41;-0,01;0,24;0,36;0,19;0,31
287,674;0,34;-0,05;0,13;0,27;0,05;0,16
288,147;0,39;-0,02;0,16;0,24;0,06;0,13
288,62;0,4;0;0,26;0,21;0,09;0,1
289,094;0,41;0,05;0,28;0,2;0,04;0,07
289,567;0,48;0,08;0,22;0,23;-0,04;0,02
290,04;0,53;0,18;0,18;0,29;0,07;0,1
290,514;0,59;0,24;0,21;0,41;0,23;0,19
290,987;0,69;0,16;0,2;0,43;0,23;0,14
291,46;0,69;0,09;0,13;0,35;0,19;0,08
291,933;0,65;0,13;0,17;0,32;0,21;0,09
292,407;0,66;0,18;0,22;0,36;0,27;0,09
292,88;0,72;0,26;0,24;0,42;0,36;0,18
293,353;0,72;0,26;0,22;0,41;0,33;0,25
293,826;0,7;0,21;0,2;0,41;0,22;0,27
294,299;0,77;0,2;0,25;0,45;0,2;0,3
294,772;0,76;0,25;0,36;0,44;0,26;0,34
295,245;0,7;0,18;0,42;0,36;0,19;0,3
295,718;0,64;0,07;0,39;0,21;0,01;0,11
296,191;0,6;0,13;0,43;0,18;-0,02;0,11
296,664;0,68;0,24;0,53;0,33;0,03;0,29
297,137;0,68;0,19;0,56;0,39;-0,03;0,36
297,61;0,7;0,16;0,55;0,41;-0,06;0,39
298,083;0,66;0,19;0,51;0,36;-0,11;0,36
298,556;0,57;0,14;0,48;0,3;-0,23;0,29
299,029;0,6;0,14;0,49;0,32;-0,18;0,24
299,501;0,56;0,21;0,47;0,32;-0,15;0,21
299,974;0,46;0,2;0,4;0,32;-0,2;0,12
300,447;0,42;0,21;0,33;0,36;-0,24;0
300,92;0,43;0,32;0,34;0,46;-0,22;0,08
301,393;0,37;0,33;0,28;0,48;-0,24;0,13
301,865;0,27;0,32;0,2;0,44;-0,28;0,06
302,338;0,31;0,38;0,11;0,4;-0,31;0,01
302,811;0,29;0,45;0,11;0,38;-0,29;0,03
303,283;0,29;0,42;0,16;0,41;-0,28;0,08
303,756;0,3;0,42;0,11;0,39;-0,31;0,1
304,228;0,26;0,37;0,06;0,29;-0,34;0,07
304,701;0,28;0,37;0,07;0,3;-0,27;0,12
305,173;0,34;0,41;0,09;0,33;-0,23;0,23
305,646;0,4;0,42;0,08;0,32;-0,19;0,33
306,118;0,34;0,36;0;0,23;-0,15;0,35
306,591;0,25;0,26;-0,07;0,13;-0,16;0,27
307,063;0,28;0,28;-0,03;0,13;-0,12;0,23
307,536;0,26;0,32;0;0,16;-0,09;0,26
308,008;0,23;0,27;-0,09;0,15;-0,18;0,24
308,48;0,24;0,21;-0,16;0,12;-0,21;0,17
308,953;0,3;0,21;-0,17;0,15;-0,15;0,15
309,425;0,3;0,19;-0,21;0,17;-0,1;0,19
309,897;0,24;0,1;-0,22;0,17;-0,14;0,12
310,37;0,2;0,09;-0,27;0,09;-0,19;0,04
310,842;0,16;0,09;-0,24;0,09;-0,2;0
311,314;0,18;0,1;-0,15;0,14;-0,22;-0,01
311,786;0,25;0,12;-0,12;0,2;-0,22;-0,01
312,258;0,3;0,13;-0,11;0,24;-0,22;-0,02
312,731;0,39;0,14;-0,08;0,31;-0,16;0,03
313,203;0,46;0,11;-0,02;0,3;-0,13;0,04
313,675;0,51;0,16;0,13;0,35;-0,13;0,12
314,147;0,51;0,19;0,19;0,45;-0,15;0,21
314,619;0,54;0,2;0,25;0,53;-0,23;0,26
315,091;0,62;0,24;0,29;0,59;-0,24;0,28
315,563;0,69;0,31;0,35;0,65;-0,17;0,33
316,035;0,74;0,34;0,37;0,67;-0,15;0,36
316,507;0,82;0,4;0,44;0,73;-0,09;0,37
316,979;0,89;0,46;0,52;0,73;-0,03;0,46
317,451;0,84;0,4;0,49;0,65;-0,02;0,5
317,922;0,7;0,31;0,43;0,6;-0,09;0,47
318,394;0,64;0,33;0,38;0,58;-0,11;0,52
318,866;0,58;0,31;0,31;0,55;-0,1;0,47
319,338;0,56;0,28;0,29;0,5;-0,03;0,39
319,81;0,55;0,32;0,26;0,42;0,01;0,31
320,281;0,5;0,3;0,19;0,39;0,03;0,3
320,753;0,51;0,25;0,14;0,38;0,02;0,32
321,225;0,52;0,23;0,11;0,4;0,01;0,31
321,697;0,48;0,19;0,06;0,38;-0,03;0,31
322,168;0,42;0,16;0,01;0,38;-0,07;0,34
322,64;0,46;0,19;0,04;0,44;-0,06;0,34
323,111;0,6;0,23;0,12;0,48;0,01;0,27
323,583;0,62;0,22;0,07;0,49;0,01;0,22
324,054;0,54;0,15;-0,01;0,42;-0,05;0,17
324,526;0,55;0,12;-0,03;0,38;-0,15;0,16
324,998;0,61;0,2;0,04;0,49;-0,12;0,28
325,469;0,61;0,29;0,12;0,53;-0,09;0,3
325,94;0,53;0,28;0,11;0,53;-0,12;0,23
326,412;0,48;0,26;0,07;0,51;-0,15;0,22
326,883;0,49;0,24;0,01;0,45;-0,11;0,28
327,355;0,57;0,27;0,07;0,47;-0,06;0,27
327,826;0,62;0,33;0,14;0,44;-0,04;0,26
328,297;0,64;0,38;0,23;0,46;0,02;0,28
328,769;0,71;0,51;0,34;0,54;0,13;0,35
329,24;0,79;0,6;0,4;0,6;0,16;0,38
329,711;0,81;0,6;0,39;0,6;0,17;0,33
330,182;0,75;0,55;0,31;0,5;0,16;0,27
330,654;0,71;0,48;0,22;0,45;0,12;0,3
331,125;0,75;0,47;0,25;0,48;0,11;0,39
331,596;0,81;0,51;0,31;0,53;0,21;0,48
332,067;0,82;0,52;0,34;0,57;0,21;0,43
332,538;0,73;0,45;0,28;0,5;0,12;0,3
333,009;0,61;0,37;0,15;0,41;0,05;0,24
333,48;0,54;0,26;0,1;0,35;-0,01;0,25
333,951;0,53;0,16;0,14;0,33;-0,02;0,2
334,422;0,54;0,14;0,12;0,23;0,03;0,17
334,893;0,57;0,19;0,17;0,22;0,1;0,23
335,364;0,54;0,24;0,22;0,25;0,09;0,19
335,835;0,58;0,28;0,28;0,22;0,06;0,11
336,306;0,56;0,29;0,28;0,16;0,05;0,06
336,777;0,45;0,26;0,22;0,08;-0,06;-0,07
337,248;0,39;0,25;0,16;0,05;-0,1;-0,15
337,719;0,42;0,32;0,18;0,11;-0,06;-0,12
338,189;0,38;0,39;0,21;0,18;0,01;-0,05
338,66;0,28;0,45;0,22;0,18;0,02;-0,03
339,131;0,24;0,43;0,24;0,17;0,01;-0,09
339,602;0,21;0,4;0,26;0,25;0,02;-0,05
340,072;0,16;0,35;0,21;0,3;0,01;-0,04
340,543;0,19;0,26;0,17;0,32;-0,03;-0,09
341,014;0,2;0,25;0,14;0,35;-0,07;-0,04
341,484;0,24;0,22;0,09;0,35;-0,06;0,03
341,955;0,33;0,16;0,14;0,36;-0,02;0,07
342,426;0,4;0,11;0,17;0,37;-0,04;0,12
342,896;0,41;0,06;0,16;0,41;-0,06;0,14
343,367;0,5;0,04;0,18;0,47;-0,07;0,13
343,837;0,61;-0,02;0,15;0,44;-0,09;0,07
344,308;0,65;-0,01;0,1;0,41;-0,11;0,12
344,778;0,63;0;0,05;0,37;-0,1;0,17
345,249;0,61;-0,07;-0,01;0,28;-0,18;0,18
345,719;0,61;-0,09;0,02;0,26;-0,15;0,17
346,189;0,62;-0,05;0,07;0,29;-0,05;0,22
346,66;0,61;0,02;0,1;0,35;-0,06;0,22
347,13;0,56;0,06;0,03;0,36;-0,1;0,21
347,6;0,48;0,13;-0,07;0,31;-0,11;0,22
348,071;0,41;0,14;-0,12;0,19;-0,18;0,22
348,541;0,35;0,06;-0,14;0,16;-0,27;0,17
349,011;0,27;0,05;-0,26;0,21;-0,36;0,14
349,481;0,21;0,08;-0,31;0,25;-0,4;0,1
349,952;0,22;0,1;-0,28;0,3;-0,41;-0,04
350,422;0,23;0,19;-0,29;0,33;-0,36;-0,07
350,892;0,21;0,26;-0,31;0,32;-0,36;0,02
351,362;0,2;0,25;-0,31;0,31;-0,38;0
351,832;0,17;0,12;-0,37;0,19;-0,48;-0,12
352,302;0,16;0,05;-0,34;0,17;-0,43;-0,15
352,772;0,19;0,05;-0,19;0,25;-0,34;-0,12
353,242;0,28;0,05;-0,07;0,34;-0,29;-0,09
353,712;0,39;0,12;0,02;0,35;-0,19;-0,09
354,182;0,43;0,2;0,16;0,35;-0,02;0,05
354,652;0,41;0,18;0,18;0,32;0,01;0,14
355,122;0,44;0,16;0,18;0,32;0,05;0,23
355,592;0,45;0,21;0,27;0,37;0,12;0,32
356,062;0,35;0,17;0,27;0,36;0,14;0,3
356,532;0,3;0,08;0,24;0,36;0,14;0,2
357,001;0,38;0,22;0,35;0,49;0,3;0,29
357,471;0,37;0,25;0,38;0,52;0,26;0,3
357,941;0,37;0,25;0,38;0,54;0,2;0,27
358,411;0,43;0,36;0,43;0,62;0,24;0,37
358,88;0,38;0,36;0,46;0,64;0,27;0,51
359,35;0,37;0,34;0,47;0,62;0,25;0,53
359,82;0,5;0,36;0,5;0,64;0,27;0,57
360,289;0,55;0,41;0,55;0,74;0,35;0,66
360,759;0,56;0,42;0,53;0,79;0,36;0,68
361,229;0,64;0,36;0,5;0,8;0,3;0,73
361,698;0,73;0,34;0,51;0,83;0,28;0,86
362,168;0,76;0,32;0,53;0,85;0,29;0,96
362,637;0,82;0,39;0,58;0,9;0,37;1,02
363,107;0,89;0,38;0,53;0,89;0,41;0,98
363,576;0,86;0,4;0,38;0,82;0,42;0,89
364,046;0,82;0,42;0,26;0,79;0,37;0,8
364,515;0,84;0,38;0,19;0,79;0,28;0,7
364,984;0,8;0,4;0,09;0,76;0,21;0,64
365,454;0,72;0,41;0,02;0,65;0,09;0,62
365,923;0,74;0,38;0,03;0,66;0,03;0,54
366,392;0,84;0,48;0,11;0,73;0,11;0,52
366,862;0,81;0,54;0,14;0,7;0,15;0,48
367,331;0,75;0,54;0,07;0,71;0,13;0,4
367,8;0,76;0,55;-0,01;0,68;0,04;0,4
368,269;0,77;0,63;0,06;0,67;-0,03;0,49
368,739;0,77;0,63;0,18;0,68;0,02;0,6
369,208;0,82;0,57;0,18;0,62;0,03;0,57
369,677;0,87;0,59;0,22;0,65;0,05;0,58
370,146;0,85;0,65;0,38;0,74;0,16;0,7
370,615;0,84;0,62;0,43;0,8;0,14;0,69
371,084;0,85;0,69;0,48;0,73;0,14;0,68
371,553;0,79;0,66;0,41;0,61;0,1;0,63
372,022;0,73;0,61;0,33;0,56;-0,03;0,57
372,491;0,66;0,55;0,32;0,5;-0,12;0,44
372,96;0,58;0,51;0,3;0,48;-0,13;0,38
373,429;0,48;0,42;0,28;0,45;-0,09;0,35
373,898;0,41;0,31;0,25;0,44;-0,22;0,21
374,367;0,32;0,27;0,2;0,39;-0,33;0,21
374,836;0,2;0,27;0,17;0,37;-0,33;0,25
375,305;0,16;0,21;0,13;0,32;-0,42;0,12
375,773;0,25;0,24;0,09;0,33;-0,4;0,07
376,242;0,25;0,22;0,07;0,36;-0,38;0,09
376,711;0,26;0,32;0,17;0,47;-0,36;0,16
377,18;0,36;0,44;0,23;0,52;-0,36;0,2
377,648;0,47;0,47;0,29;0,59;-0,31;0,27
378,117;0,52;0,51;0,31;0,65;-0,21;0,35
378,586;0,48;0,49;0,23;0,67;-0,22;0,32
379,054;0,49;0,54;0,27;0,69;-0,17;0,3
379,523;0,59;0,69;0,39;0,8;-0,02;0,37
379,992;0,65;0,71;0,4;0,79;0,03;0,37
380,46;0,68;0,69;0,34;0,81;0,11;0,35
380,929;0,64;0,67;0,3;0,75;0,16;0,4
381,397;0,62;0,66;0,3;0,76;0,16;0,48
381,866;0,63;0,64;0,32;0,77;0,16;0,47
382,334;0,64;0,64;0,34;0,8;0,22;0,5
382,803;0,58;0,66;0,34;0,79;0,22;0,55
383,271;0,58;0,6;0,35;0,77;0,12;0,48
383,739;0,63;0,59;0,38;0,72;0,06;0,48
384,208;0,64;0,54;0,33;0,65;-0,01;0,53
384,676;0,57;0,42;0,27;0,6;-0,08;0,48
385,144;0,59;0,42;0,28;0,6;-0,15;0,48
385,613;0,57;0,47;0,33;0,57;-0,2;0,52
386,081;0,57;0,48;0,44;0,66;-0,22;0,55
386,549;0,57;0,43;0,46;0,66;-0,29;0,5
387,017;0,56;0,34;0,39;0,59;-0,34;0,46
387,486;0,53;0,37;0,31;0,58;-0,32;0,52
387,954;0,5;0,32;0,24;0,51;-0,32;0,43
388,422;0,49;0,35;0,24;0,45;-0,28;0,38
388,89;0,53;0,44;0,25;0,48;-0,24;0,47
389,358;0,53;0,46;0,26;0,51;-0,2;0,48
389,826;0,63;0,46;0,32;0,62;-0,13;0,48
390,294;0,65;0,47;0,35;0,71;-0,04;0,59
390,762;0,68;0,48;0,36;0,77;0;0,65
391,23;0,68;0,47;0,31;0,75;-0,04;0,62
391,698;0,73;0,47;0,27;0,68;-0,02;0,58
392,166;0,67;0,41;0,25;0,63;0;0,51
392,634;0,66;0,36;0,32;0,64;0;0,43
393,102;0,65;0,37;0,39;0,64;-0,04;0,46
393,57;0,64;0,35;0,44;0,63;-0,05;0,47
394,038;0,67;0,32;0,49;0,67;0,03;0,43
394,505;0,72;0,33;0,52;0,66;0,07;0,41
394,973;0,73;0,32;0,48;0,54;0,06;0,41
395,441;0,65;0,23;0,4;0,42;0,01;0,29
395,909;0,65;0,15;0,41;0,36;-0,06;0,2
396,376;0,69;0,15;0,46;0,36;-0,02;0,15
396,844;0,61;0,21;0,4;0,33;-0,06;0,18
397,312;0,58;0,28;0,37;0,36;-0,08;0,25
397,779;0,56;0,22;0,35;0,31;-0,11;0,21
398,247;0,61;0,22;0,29;0,31;-0,07;0,3
398,715;0,58;0,27;0,27;0,36;0;0,36
399,182;0,54;0,24;0,27;0,31;-0,01;0,27
399,65;0,53;0,29;0,2;0,31;-0,05;0,24
400,117;0,49;0,32;0,15;0,36;-0,11;0,23
400,585;0,59;0,39;0,22;0,44;-0,13;0,23
401,052;0,61;0,49;0,23;0,5;-0,13;0,3
401,52;0,63;0,53;0,2;0,53;-0,06;0,39
401,987;0,69;0,55;0,25;0,65;0,11;0,41
402,454;0,76;0,57;0,37;0,72;0,21;0,42
402,922;0,84;0,62;0,41;0,78;0,21;0,46
403,389;0,83;0,66;0,42;0,78;0,17;0,41
403,856;0,85;0,66;0,43;0,72;0,08;0,35
404,324;0,88;0,72;0,43;0,73;0,09;0,43
404,791;0,9;0,78;0,54;0,76;0,21;0,57
405,258;0,93;0,88;0,61;0,78;0,3;0,6
405,725;0,92;0,89;0,59;0,79;0,3;0,55
406,193;0,93;0,93;0,58;0,76;0,34;0,54
406,66;0,84;0,91;0,58;0,7;0,26;0,51
407,127;0,85;0,82;0,62;0,63;0,17;0,48
407,594;0,87;0,77;0,53;0,56;0,14;0,46
408,061;0,82;0,78;0,51;0,54;0,22;0,51
408,528;0,86;0,72;0,53;0,6;0,29;0,48
408,995;0,95;0,68;0,5;0,63;0,25;0,49
409,462;0,97;0,61;0,49;0,62;0,19;0,49
409,929;0,89;0,5;0,38;0,58;0,11;0,4
410,396;0,83;0,4;0,27;0,5;0,01;0,36
410,863;0,79;0,4;0,25;0,43;0,06;0,42
411,33;0,83;0,43;0,3;0,43;0,15;0,56
411,797;0,88;0,39;0,33;0,43;0,12;0,58
412,264;0,83;0,37;0,31;0,42;0,05;0,55
412,73;0,75;0,4;0,3;0,43;-0,01;0,55
413,197;0,69;0,39;0,2;0,36;-0,15;0,51
413,664;0,63;0,4;0,07;0,27;-0,21;0,45
414,131;0,62;0,49;0,09;0,31;-0,08;0,46
414,597;0,68;0,57;0,14;0,42;0,03;0,5
415,064;0,7;0,58;0,19;0,51;0,03;0,48
415,531;0,73;0,67;0,26;0,63;0,07;0,56
415,998;0,76;0,71;0,37;0,75;0,13;0,63
416,464;0,73;0,65;0,38;0,8;0,07;0,52
416,931;0,71;0,67;0,32;0,79;0,05;0,45
417,397;0,79;0,75;0,34;0,88;0,14;0,55
417,864;0,86;0,71;0,32;0,91;0,18;0,56
418,33;0,87;0,67;0,35;0,94;0,18;0,48
418,797;0,87;0,67;0,51;0,99;0,22;0,55
419,263;0,83;0,65;0,55;1;0,18;0,67
419,73;0,69;0,54;0,5;0,92;0,1;0,64
420,196;0,68;0,55;0,49;0,85;0,11;0,63
420,663;0,68;0,54;0,5;0,83;0,15;0,58
421,129;0,57;0,45;0,43;0,75;0,04;0,48
421,595;0,54;0,42;0,44;0,68;-0,03;0,39
422,062;0,6;0,44;0,48;0,67;0,01;0,41
422,528;0,63;0,46;0,47;0,64;0,01;0,43
422,994;0,66;0,55;0,58;0,64;0,02;0,41
423,46;0,67;0,62;0,63;0,61;0,09;0,5
423,927;0,66;0,62;0,62;0,6;0,09;0,49
424,393;0,62;0,61;0,6;0,62;0,1;0,35
424,859;0,69;0,68;0,59;0,7;0,1;0,34
425,325;0,75;0,72;0,6;0,8;0,06;0,44
425,791;0,78;0,69;0,6;0,84;-0,02;0,5
426,257;0,82;0,63;0,49;0,81;-0,14;0,43
426,723;0,83;0,59;0,43;0,83;-0,13;0,49
427,189;0,79;0,6;0,45;0,86;-0,1;0,54
427,656;0,7;0,56;0,48;0,8;-0,11;0,47
428,121;0,66;0,47;0,46;0,76;-0,11;0,45
428,587;0,7;0,45;0,41;0,77;-0,1;0,49
429,053;0,75;0,42;0,33;0,72;-0,14;0,51
429,519;0,82;0,42;0,33;0,71;-0,18;0,54
429,985;0,86;0,45;0,29;0,68;-0,22;0,58
430,451;0,81;0,37;0,24;0,62;-0,21;0,54
430,917;0,75;0,34;0,21;0,57;-0,21;0,45
431,383;0,75;0,43;0,19;0,55;-0,13;0,46
431,848;0,67;0,46;0,13;0,51;-0,08;0,45
432,314;0,6;0,38;0,11;0,52;-0,13;0,37
432,78;0,62;0,37;0,07;0,52;-0,18;0,33
433,246;0,66;0,39;0,03;0,48;-0,22;0,32
433,711;0,65;0,36;0,03;0,51;-0,22;0,24
434,177;0,68;0,45;0,07;0,6;-0,19;0,21
434,643;0,63;0,43;0,02;0,57;-0,18;0,16
435,108;0,54;0,35;0,02;0,48;-0,16;0,06
435,574;0,55;0,38;0,1;0,48;-0,15;0,12
436,039;0,58;0,43;0,16;0,52;-0,11;0,23
436,505;0,57;0,47;0,3;0,59;0;0,35
436,97;0,57;0,42;0,36;0,61;-0,06;0,31
437,436;0,66;0,5;0,33;0,59;-0,07;0,34
437,901;0,74;0,6;0,32;0,65;0;0,41
438,367;0,76;0,69;0,35;0,75;0,06;0,55
438,832;0,83;0,77;0,44;0,81;0,11;0,63
439,298;0,89;0,78;0,46;0,8;0,16;0,73
439,763;0,92;0,86;0,52;0,87;0,27;0,88
440,228;0,98;0,94;0,61;0,99;0,33;0,93
440,694;1,01;0,99;0,58;0,97;0,29;0,84
441,159;1,03;1;0,57;0,95;0,28;0,77
441,624;1,08;0,98;0,54;0,95;0,24;0,73
442,089;1,19;1,03;0,55;0,96;0,29;0,75
442,555;1,19;0,93;0,59;0,99;0,36;0,76
443,02;1,12;0,83;0,63;1;0,36;0,74
443,485;1,07;0,72;0,56;0,93;0,22;0,63
443,95;1,01;0,71;0,52;0,87;0,17;0,57
444,415;0,93;0,75;0,55;0,9;0,2;0,54
444,88;0,86;0,61;0,55;0,87;0,05;0,42
445,345;0,86;0,54;0,51;0,86;-0,01;0,37
445,81;0,83;0,5;0,44;0,86;0,03;0,39
446,275;0,72;0,4;0,31;0,77;-0,06;0,31
446,74;0,66;0,34;0,24;0,73;-0,11;0,26
447,205;0,61;0,37;0,16;0,67;-0,15;0,3
447,67;0,55;0,47;0,12;0,6;-0,24;0,34
448,135;0,58;0,53;0,08;0,54;-0,27;0,34
448,6;0,63;0,6;0,1;0,55;-0,19;0,38
449,065;0,58;0,61;0,06;0,57;-0,22;0,41
449,529;0,56;0,57;0,02;0,53;-0,29;0,45
449,994;0,68;0,67;0;0,45;-0,22;0,54
450,459;0,77;0,75;0,01;0,4;-0,1;0,61
450,924;0,84;0,83;0,08;0,47;-0,05;0,68
451,388;0,99;0,88;0,15;0,53;0;0,72
451,853;1;0,89;0,2;0,57;0,03;0,71
452,318;0,98;0,85;0,26;0,61;0,04;0,68
452,782;0,97;0,78;0,28;0,6;-0,01;0,59
453,247;0,91;0,75;0,31;0,61;-0,02;0,54
453,712;0,83;0,7;0,3;0,62;0,04;0,56
454,176;0,77;0,56;0,24;0,54;0,05;0,51
454,641;0,76;0,49;0,16;0,53;0,06;0,4
455,105;0,72;0,52;0,21;0,61;0,11;0,43
455,57;0,6;0,46;0,27;0,6;0,04;0,45
456,034;0,52;0,32;0,23;0,51;-0,07;0,33
456,499;0,45;0,36;0,27;0,45;-0,12;0,36
456,963;0,53;0,42;0,35;0,47;-0,11;0,45
457,427;0,59;0,43;0,36;0,51;-0,09;0,48
457,892;0,69;0,47;0,34;0,54;-0,04;0,57
458,356;0,74;0,41;0,33;0,55;-0,05;0,62
458,82;0,8;0,38;0,34;0,55;-0,12;0,57
459,285;0,9;0,47;0,36;0,59;-0,2;0,55
459,749;0,92;0,48;0,45;0,67;-0,26;0,56
460,213;0,87;0,39;0,4;0,65;-0,35;0,54
460,677;0,83;0,3;0,23;0,62;-0,48;0,42
461,142;0,83;0,34;0,17;0,6;-0,5;0,42
461,606;0,89;0,38;0,14;0,67;-0,39;0,47
462,07;0,8;0,34;0,1;0,68;-0,36;0,39
462,534;0,82;0,31;0,12;0,73;-0,32;0,3
462,998;0,82;0,37;0,12;0,81;-0,29;0,33
463,462;0,74;0,39;0,1;0,82;-0,29;0,32
463,926;0,71;0,5;0,14;0,84;-0,25;0,31
464,39;0,74;0,49;0,19;0,84;-0,18;0,35
464,854;0,79;0,54;0,22;0,77;-0,14;0,37
465,318;0,83;0,58;0,28;0,74;-0,1;0,36
465,782;0,9;0,62;0,35;0,76;-0,07;0,44
466,246;0,9;0,62;0,49;0,83;0,01;0,54
466,71;0,89;0,63;0,57;0,83;0,08;0,58
467,174;0,99;0,73;0,6;0,78;0,06;0,66
467,637;1,01;0,78;0,6;0,73;0,06;0,73
468,101;1,06;0,73;0,62;0,7;0,06;0,72
468,565;1,24;0,8;0,69;0,72;0,13;0,77
469,029;1,27;0,75;0,75;0,71;0,13;0,8
469,492;1,2;0,79;0,72;0,67;0,15;0,86
469,956;1,09;0,77;0,68;0,65;0,15;0,88
470,42;1,07;0,7;0,68;0,66;0,09;0,81
470,883;1,14;0,75;0,76;0,67;0,17;0,84
471,347;1,13;0,78;0,7;0,64;0,13;0,8
471,811;1,18;0,69;0,57;0,6;0,06;0,66
472,274;1,07;0,59;0,45;0,54;0,01;0,57
472,738;0,95;0,51;0,4;0,5;-0,01;0,5
473,201;0,78;0,44;0,35;0,42;-0,08;0,37
473,665;0,62;0,36;0,22;0,38;-0,21;0,27
474,128;0,57;0,34;0,14;0,41;-0,22;0,28
474,591;0,6;0,33;0,15;0,54;-0,22;0,24
475,055;0,66;0,3;0,15;0,6;-0,28;0,19
475,518;0,68;0,35;0,15;0,63;-0,24;0,27
475,982;0,62;0,36;0,12;0,62;-0,23;0,28
476,445;0,59;0,3;0,09;0,6;-0,27;0,25
476,908;0,49;0,27;0,12;0,61;-0,3;0,29
477,372;0,54;0,34;0,16;0,7;-0,2;0,36
477,835;0,61;0,46;0,2;0,75;-0,17;0,41
478,298;0,73;0,57;0,28;0,86;-0,08;0,49
478,761;0,82;0,64;0,37;0,9;0,06;0,58
479,224;0,83;0,61;0,39;0,87;0,07;0,57
479,688;0,8;0,59;0,39;0,81;0,05;0,55
480,151;0,78;0,65;0,34;0,8;0,07;0,55
480,614;0,76;0,67;0,34;0,81;0,07;0,51
481,077;0,76;0,69;0,37;0,87;0,08;0,52
481,54;0,87;0,74;0,42;0,95;0,13;0,58
482,003;0,87;0,76;0,45;0,95;0,18;0,6
482,466;0,83;0,72;0,43;0,89;0,11;0,54
482,929;0,78;0,61;0,36;0,81;0,04;0,48
483,392;0,73;0,57;0,31;0,74;0;0,47
483,855;0,68;0,55;0,3;0,75;-0,03;0,46
484,318;0,68;0,57;0,3;0,77;-0,05;0,44
484,78;0,71;0,61;0,33;0,8;0;0,47
485,243;0,78;0,66;0,4;0,86;0,1;0,54
485,706;0,8;0,66;0,43;0,86;0,16;0,57
486,169;0,8;0,66;0,4;0,82;0,16;0,52
486,632;0,75;0,69;0,38;0,77;0,16;0,52
487,094;0,79;0,7;0,41;0,77;0,13;0,52
487,557;0,83;0,72;0,46;0,81;0,15;0,54
488,02;0,86;0,8;0,53;0,88;0,21;0,61
488,482;0,9;0,86;0,57;0,94;0,23;0,63
488,945;0,94;0,86;0,63;0,94;0,26;0,62
489,408;0,97;0,85;0,63;0,9;0,26;0,63
489,87;0,92;0,79;0,6;0,84;0,21;0,6
490,333;0,81;0,71;0,55;0,79;0,11;0,53
490,795;0,77;0,69;0,49;0,76;0,05;0,5
491,258;0,75;0,7;0,49;0,77;0,09;0,53
491,72;0,71;0,7;0,47;0,78;0,1;0,49
492,183;0,7;0,7;0,43;0,79;0,09;0,47
492,645;0,69;0,74;0,42;0,82;0,1;0,49
493,107;0,68;0,75;0,43;0,83;0,1;0,51
493,57;0,67;0,72;0,43;0,8;0,07;0,52
494,032;0,67;0,72;0,42;0,79;0,03;0,53
494,495;0,66;0,75;0,42;0,8;0,11;0,56
494,957;0,66;0,75;0,44;0,81;0,13;0,55
495,419;0,71;0,77;0,46;0,79;0,13;0,53
495,881;0,75;0,82;0,5;0,81;0,13;0,58
496,344;0,77;0,82;0,48;0,85;0,08;0,62
496,806;0,8;0,8;0,49;0,88;0,08;0,62
497,268;0,82;0,8;0,51;0,86;0,08;0,65
497,73;0,82;0,79;0,5;0,83;0,08;0,65
498,192;0,81;0,75;0,5;0,84;0,09;0,64
498,654;0,8;0,71;0,46;0,85;0,09;0,6
499,116;0,8;0,72;0,44;0,86;0,14;0,6
499,578;0,83;0,76;0,48;0,9;0,14;0,62
500,04;0,87;0,8;0,48;0,93;0,13;0,65
500,502;0,88;0,8;0,47;0,95;0,16;0,64
500,964;0,85;0,75;0,44;0,92;0,15;0,6
501,426;0,82;0,72;0,44;0,85;0,14;0,56
501,888;0,8;0,71;0,45;0,84;0,15;0,54
502,35;0,75;0,72;0,43;0,86;0,18;0,51
502,812;0,75;0,71;0,42;0,89;0,19;0,52
503,274;0,78;0,74;0,45;0,91;0,2;0,51
503,735;0,79;0,77;0,47;0,92;0,2;0,53
504,197;0,75;0,72;0,45;0,91;0,17;0,5
504,659;0,72;0,67;0,44;0,91;0,13;0,46
505,121;0,69;0,68;0,43;0,89;0,13;0,47
505,582;0,65;0,71;0,44;0,91;0,13;0,49
506,044;0,67;0,75;0,46;0,95;0,14;0,49
506,506;0,72;0,79;0,49;0,98;0,16;0,51
506,967;0,71;0,79;0,5;0,99;0,17;0,53
507,429;0,73;0,79;0,55;1,01;0,19;0,55
507,89;0,73;0,79;0,55;0,97;0,16;0,52
508,352;0,71;0,79;0,55;0,93;0,17;0,51
508,814;0,72;0,82;0,56;0,94;0,21;0,54
509,275;0,73;0,85;0,56;0,93;0,2;0,56
509,736;0,73;0,87;0,54;0,9;0,17;0,56
510,198;0,7;0,85;0,52;0,89;0,15;0,57
510,659;0,69;0,82;0,48;0,87;0,14;0,58
511,121;0,65;0,77;0,44;0,84;0,09;0,54
511,582;0,64;0,76;0,4;0,84;0,1;0,55
512,043;0,65;0,74;0,36;0,85;0,1;0,57
512,505;0,67;0,7;0,3;0,85;0,04;0,52
512,966;0,66;0,67;0,26;0,8;0,01;0,51
513,427;0,66;0,63;0,22;0,77;-0,02;0,51
513,888;0,65;0,61;0,23;0,8;-0,01;0,51
514,35;0,68;0,65;0,28;0,83;0,01;0,55
514,811;0,7;0,67;0,3;0,89;0,07;0,56
515,272;0,72;0,67;0,32;0,94;0,08;0,54
515,733;0,73;0,67;0,34;0,94;0,06;0,54
516,194;0,73;0,66;0,37;0,93;0,11;0,57
516,655;0,67;0,65;0,31;0,91;0,1;0,52
517,116;0,65;0,66;0,28;0,86;0,08;0,46
517,577;0,61;0,66;0,3;0,83;0,11;0,49
518,038;0,61;0,67;0,32;0,86;0,15;0,53
518,499;0,55;0,6;0,31;0,86;0,12;0,5
518,96;0,54;0,5;0,28;0,83;0,07;0,45
519,421;0,54;0,49;0,27;0,83;0,06;0,46
519,882;0,52;0,47;0,25;0,81;0,04;0,47
520,343;0,53;0,45;0,24;0,77;-0,01;0,48
520,804;0,54;0,48;0,26;0,77;-0,02;0,52
521,264;0,52;0,48;0,28;0,78;-0,03;0,52
521,725;0,56;0,47;0,35;0,79;-0,04;0,55
522,186;0,6;0,51;0,38;0,83;-0,03;0,62
522,647;0,62;0,54;0,37;0,84;-0,04;0,65
523,107;0,62;0,55;0,33;0,82;-0,07;0,6
523,568;0,66;0,58;0,34;0,81;-0,07;0,61
524,029;0,67;0,66;0,33;0,8;-0,07;0,62
524,489;0,64;0,64;0,28;0,79;-0,13;0,59
524,95;0,65;0,61;0,25;0,8;-0,17;0,6
525,411;0,7;0,62;0,27;0,82;-0,11;0,61
525,871;0,76;0,63;0,26;0,85;-0,06;0,6
526,332;0,78;0,59;0,21;0,84;-0,06;0,58
526,792;0,81;0,57;0,19;0,87;-0,03;0,56
527,253;0,86;0,57;0,21;0,91;0,01;0,58
527,713;0,89;0,59;0,26;0,97;0,03;0,6
528,173;0,9;0,61;0,34;1,02;0,07;0,63
528,634;0,88;0,63;0,33;1,06;0,08;0,64
529,094;0,89;0,66;0,36;1,08;0,15;0,67
529,555;0,95;0,69;0,42;1,08;0,28;0,67
530,015;0,96;0,72;0,46;1,04;0,34;0,63
530,475;0,87;0,73;0,42;1,01;0,32;0,61
530,935;0,79;0,68;0,38;0,97;0,24;0,57
531,396;0,84;0,71;0,42;0,99;0,19;0,57
531,856;0,82;0,71;0,45;0,97;0,16;0,55
532,316;0,76;0,71;0,47;0,97;0,14;0,51
532,776;0,73;0,69;0,46;0,95;0,1;0,48
533,236;0,76;0,71;0,44;1;0,12;0,52
533,696;0,82;0,76;0,48;1,05;0,15;0,59
534,156;0,8;0,71;0,47;1,03;0,08;0,56
534,617;0,76;0,66;0,43;1,01;-0,01;0,53
535,077;0,75;0,64;0,38;1,01;-0,06;0,53
535,537;0,79;0,65;0,41;1,03;-0,05;0,54
535,997;0,84;0,68;0,47;1,02;0;0,54
536,456;0,82;0,71;0,46;1,01;0,07;0,57
536,916;0,8;0,74;0,44;1,02;0,09;0,61
537,376;0,77;0,71;0,4;0,96;0,06;0,6
537,836;0,75;0,68;0,34;0,93;0,06;0,6
538,296;0,7;0,62;0,31;0,87;0,04;0,56
538,756;0,64;0,58;0,26;0,83;0,01;0,5
539,216;0,62;0,6;0,22;0,81;0,01;0,51
539,675;0,62;0,63;0,25;0,85;0,05;0,54
540,135;0,65;0,63;0,29;0,9;0,08;0,59
540,595;0,65;0,59;0,24;0,88;0,07;0,59
541,054;0,63;0,56;0,19;0,86;0,04;0,61
541,514;0,64;0,56;0,21;0,86;0,03;0,6
541,974;0,62;0,51;0,21;0,82;-0,02;0,54
542,433;0,61;0,49;0,18;0,81;-0,05;0,52
542,893;0,64;0,52;0,21;0,83;-0,03;0,56
543,352;0,65;0,55;0,23;0,86;-0,03;0,57
543,812;0,66;0,54;0,22;0,84;-0,04;0,52
544,272;0,68;0,59;0,25;0,86;0,02;0,55
544,731;0,7;0,63;0,25;0,86;0,05;0,55
545,19;0,67;0,61;0,23;0,82;0,05;0,49
545,65;0,66;0,61;0,2;0,83;0,06;0,48
546,109;0,66;0,6;0,2;0,86;0,09;0,46
546,569;0,63;0,59;0,18;0,86;0,09;0,45
547,028;0,65;0,61;0,17;0,88;0,09;0,47
547,487;0,68;0,67;0,21;0,93;0,13;0,48
547,947;0,64;0,64;0,19;0,92;0,14;0,44
548,406;0,63;0,61;0,18;0,87;0,13;0,45
548,865;0,66;0,61;0,2;0,88;0,14;0,5
549,324;0,67;0,6;0,23;0,88;0,13;0,5
549,783;0,64;0,58;0,22;0,85;0,05;0,45
550,243;0,67;0,6;0,24;0,87;0,02;0,45
550,702;0,68;0,63;0,28;0,89;0,02;0,47
551,161;0,64;0,63;0,29;0,9;-0,02;0,46
551,62;0,64;0,61;0,28;0,93;-0,04;0,46
552,079;0,62;0,62;0,28;0,94;-0,01;0,5
552,538;0,62;0,58;0,26;0,92;-0,01;0,5
552,997;0,66;0,6;0,29;0,95;-0,01;0,52
553,456;0,68;0,66;0,32;1;0;0,57
553,915;0,64;0,68;0,33;1,01;-0,01;0,57
554,374;0,61;0,65;0,32;1,01;-0,04;0,54
554,833;0,6;0,62;0,29;1;-0,04;0,58
555,292;0,58;0,63;0,28;1;-0,03;0,62
555,75;0,57;0,65;0,32;1,03;0;0,61
556,209;0,62;0,64;0,33;1,02;0;0,63
556,668;0,62;0,64;0,33;0,98;0;0,63
557,127;0,63;0,66;0,35;0,98;0,01;0,66
557,585;0,64;0,68;0,4;0,99;0;0,69
558,044;0,59;0,66;0,39;0,95;-0,04;0,66
558,503;0,55;0,62;0,33;0,93;-0,05;0,59
558,961;0,58;0,61;0,31;0,95;-0,05;0,56
559,42;0,62;0,6;0,29;0,94;-0,06;0,51
559,879;0,63;0,63;0,31;0,94;-0,05;0,48
560,337;0,62;0,63;0,33;0,93;-0,03;0,48
560,796;0,63;0,64;0,33;0,92;-0,01;0,48
561,254;0,64;0,65;0,31;0,92;0;0,49
561,713;0,65;0,66;0,32;0,97;0,03;0,52
562,171;0,64;0,65;0,31;0,97;0,02;0,48
562,63;0,63;0,64;0,25;0,93;0,01;0,43
563,088;0,65;0,64;0,23;0,94;0,04;0,42
563,547;0,68;0,66;0,24;0,95;0,06;0,43
564,005;0,71;0,67;0,24;0,92;0,04;0,44
564,463;0,67;0,67;0,21;0,89;0,04;0,44
564,922;0,64;0,65;0,19;0,89;0,07;0,42
565,38;0,64;0,62;0,2;0,89;0,05;0,42
565,838;0,66;0,62;0,19;0,9;0,04;0,44
566,296;0,67;0,66;0,23;0,92;0,1;0,47
566,755;0,66;0,64;0,23;0,89;0,1;0,42
567,213;0,66;0,64;0,21;0,88;0,11;0,4
567,671;0,71;0,67;0,25;0,92;0,15;0,45
568,129;0,72;0,69;0,27;0,94;0,17;0,47
568,587;0,71;0,69;0,28;0,93;0,16;0,46
569,045;0,7;0,68;0,3;0,95;0,17;0,48
569,503;0,7;0,69;0,32;0,96;0,2;0,49
569,961;0,7;0,69;0,32;0,95;0,2;0,49
570,419;0,69;0,68;0,29;0,94;0,19;0,48
570,877;0,68;0,67;0,28;0,92;0,16;0,46
571,335;0,67;0,66;0,28;0,94;0,13;0,46
571,793;0,69;0,67;0,29;0,96;0,13;0,49
572,251;0,69;0,68;0,29;0,96;0,13;0,52
572,709;0,68;0,69;0,29;0,97;0,12;0,51
573,167;0,68;0,69;0,29;0,97;0,12;0,49
573,624;0,67;0,7;0,29;0,96;0,13;0,49
574,082;0,67;0,71;0,28;0,95;0,13;0,48
574,54;0,66;0,7;0,29;0,94;0,13;0,47
574,998;0,66;0,69;0,28;0,93;0,12;0,48
575,455;0,67;0,72;0,29;0,93;0,14;0,5
575,913;0,67;0,73;0,3;0,92;0,16;0,51
576,371;0,67;0,72;0,29;0,92;0,15;0,5
576,828;0,67;0,73;0,28;0,92;0,15;0,5
577,286;0,67;0,71;0,29;0,92;0,16;0,49
577,743;0,65;0,69;0,3;0,92;0,17;0,48
578,201;0,65;0,7;0,3;0,91;0,16;0,48
578,659;0,66;0,7;0,32;0,92;0,17;0,49
579,116;0,66;0,71;0,33;0,93;0,18;0,5
579,573;0,67;0,72;0,33;0,94;0,17;0,52
580,031;0,68;0,73;0,36;0,96;0,18;0,53
580,488;0,68;0,74;0,38;0,99;0,18;0,53
580,946;0,68;0,74;0,37;1,01;0,18;0,53
581,403;0,68;0,75;0,37;1;0,19;0,53
581,86;0,68;0,75;0,38;1;0,21;0,52
582,318;0,66;0,73;0,37;0,98;0,2;0,51
582,775;0,67;0,74;0,35;0,98;0,18;0,51
583,232;0,68;0,74;0,35;1;0,19;0,53
583,689;0,67;0,73;0,34;1;0,17;0,53
584,147;0,66;0,73;0,34;1,01;0,16;0,53
584,604;0,66;0,72;0,33;1;0,15;0,54
585,061;0,67;0,72;0,33;1,01;0,15;0,54
585,518;0,68;0,72;0,32;1;0,15;0,55
585,975;0,67;0,72;0,32;0,99;0,14;0,54
586,432;0,67;0,71;0,33;0,99;0,14;0,55
586,889;0,67;0,71;0,34;1;0,13;0,55
587,346;0,69;0,74;0,36;1,03;0,13;0,57
587,803;0,67;0,73;0,36;1,03;0,11;0,57
588,26;0,65;0,7;0,33;1;0,09;0,55
588,717;0,64;0,68;0,32;0,97;0,08;0,55
589,174;0,66;0,68;0,31;0,96;0,09;0,55
589,631;0,68;0,7;0,3;0,98;0,11;0,55
590,088;0,68;0,71;0,29;1;0,09;0,55
590,545;0,68;0,69;0,29;1,01;0,07;0,53
591,001;0,69;0,69;0,28;1,01;0,07;0,53
591,458;0,67;0,67;0,25;0,97;0,06;0,5
591,915;0,66;0,66;0,24;0,96;0,03;0,5
592,372;0,66;0,66;0,25;0,96;0,03;0,51
592,828;0,67;0,67;0,26;0,96;0,03;0,51
593,285;0,7;0,68;0,28;0,99;0,05;0,5
593,742;0,73;0,69;0,29;1,02;0,05;0,52
594,198;0,71;0,68;0,28;1;0,04;0,52
594,655;0,68;0,67;0,27;0,98;0,05;0,49
595,111;0,67;0,66;0,26;0,95;0,06;0,48
595,568;0,65;0,65;0,25;0,94;0,07;0,48
596,024;0,64;0,64;0,25;0,93;0,07;0,48
596,481;0,65;0,63;0,26;0,94;0,07;0,47
596,937;0,66;0,62;0,25;0,92;0,08;0,47
597,394;0,67;0,64;0,25;0,93;0,09;0,47
597,85;0,67;0,64;0,25;0,94;0,1;0,48
598,306;0,66;0,66;0,26;0,94;0,1;0,49
598,763;0,64;0,66;0,27;0,93;0,11;0,5
599,219;0,65;0,68;0,28;0,96;0,12;0,5
599,675;0,65;0,69;0,28;0,97;0,11;0,51
600,132;0,67;0,68;0,29;0,97;0,12;0,52
600,588;0,67;0,68;0,29;0,97;0,12;0,52
601,044;0,68;0,7;0,31;0,99;0,13;0,51
601,5;0,69;0,73;0,34;1,01;0,13;0,52
601,956;0,67;0,71;0,33;1;0,12;0,51
602,413;0,65;0,7;0,32;0,98;0,11;0,49
602,869;0,66;0,7;0,32;0,98;0,1;0,48
603,325;0,66;0,68;0,31;0,97;0,1;0,48
603,781;0,67;0,68;0,3;0,97;0,11;0,47
604,237;0,66;0,66;0,29;0,94;0,09;0,46
604,693;0,68;0,67;0,3;0,95;0,09;0,47
605,149;0,69;0,69;0,31;0,99;0,09;0,48
605,605;0,69;0,7;0,32;0,98;0,08;0,48
606,061;0,67;0,69;0,29;0,97;0,07;0,47
606,516;0,66;0,68;0,27;0,97;0,09;0,48
606,972;0,65;0,68;0,28;0,97;0,11;0,49
607,428;0,66;0,68;0,28;0,99;0,12;0,51
607,884;0,65;0,7;0,27;0,98;0,14;0,53
608,34;0,65;0,72;0,29;0,99;0,14;0,53
608,796;0,64;0,69;0,29;1;0,14;0,51
609,251;0,62;0,69;0,29;1,01;0,13;0,51
609,707;0,58;0,69;0,28;1;0,12;0,5
610,163;0,55;0,68;0,27;0,98;0,12;0,47
610,618;0,56;0,69;0,27;1;0,12;0,49
611,074;0,58;0,69;0,3;1;0,11;0,5
611,529;0,59;0,7;0,29;1;0,1;0,49
611,985;0,6;0,7;0,29;1,01;0,1;0,48
612,441;0,61;0,7;0,29;1,01;0,12;0,48
612,896;0,61;0,7;0,29;1,03;0,12;0,48
613,352;0,62;0,69;0,28;1,03;0,11;0,47
613,807;0,62;0,71;0,27;1,02;0,11;0,48
614,262;0,65;0,73;0,29;1,04;0,13;0,5
614,718;0,65;0,71;0,28;1,03;0,14;0,49
615,173;0,66;0,68;0,27;1,01;0,13;0,48
615,629;0,66;0,69;0,26;1;0,15;0,49
616,084;0,63;0,68;0,24;1;0,17;0,47
616,539;0,61;0,66;0,24;0,99;0,16;0,45
616,994;0,6;0,66;0,24;0,97;0,11;0,45
617,45;0,58;0,65;0,23;0,96;0,07;0,45
617,905;0,57;0,62;0,22;0,95;0,05;0,43
618,36;0,56;0,61;0,22;0,92;0,04;0,44
618,815;0,55;0,61;0,23;0,93;0,04;0,44
619,27;0,55;0,59;0,24;0,92;0,04;0,44
619,725;0,56;0,6;0,24;0,93;0,02;0,44
620,181;0,55;0,6;0,25;0,95;0,02;0,45
620,636;0,54;0,61;0,25;0,96;0;0,45
621,091;0,54;0,63;0,27;0,96;-0,03;0,47
621,546;0,54;0,64;0,28;0,96;-0,02;0,48
622,001;0,54;0,65;0,29;0,98;0,03;0,5
622,456;0,54;0,63;0,28;0,97;0,04;0,48
622,91;0,52;0,62;0,28;0,98;0,03;0,46
623,365;0,51;0,62;0,28;0,99;0,04;0,47
623,82;0,5;0,6;0,29;0,98;0,04;0,46
624,275;0,49;0,59;0,28;0,99;0,04;0,46
624,73;0,48;0,58;0,28;0,97;0,04;0,46
625,185;0,48;0,58;0,26;0,96;0,03;0,45
625,639;0,49;0,58;0,26;0,96;0,03;0,42
626,094;0,54;0,6;0,25;0,99;0,06;0,44
626,549;0,55;0,58;0,24;1,02;0,08;0,47
627,004;0,55;0,58;0,23;1,01;0,07;0,46
627,458;0,57;0,6;0,25;1,01;0,05;0,46
627,913;0,58;0,62;0,25;1,02;0,05;0,47
628,367;0,55;0,63;0,24;1,01;0,05;0,48
628,822;0,55;0,65;0,22;1,01;0,03;0,47
629,277;0,54;0,65;0,2;0,99;0,01;0,46
629,731;0,52;0,65;0,22;1,01;0,04;0,47
630,186;0,51;0,63;0,21;0,99;0,05;0,45
630,64;0,48;0,59;0,19;0,95;0,06;0,43
631,094;0,44;0,56;0,2;0,92;0,05;0,42
631,549;0,42;0,55;0,2;0,91;0,03;0,41
632,003;0,45;0,56;0,22;0,94;0,05;0,42
632,458;0,45;0,59;0,22;0,95;0,07;0,46
632,912;0,43;0,58;0,23;0,93;0,06;0,46
633,366;0,43;0,55;0,23;0,94;0,04;0,42
633,82;0,43;0,54;0,22;0,94;0,05;0,42
634,275;0,45;0,55;0,23;0,96;0,09;0,44
634,729;0,47;0,57;0,23;0,96;0,09;0,4
635,183;0,5;0,61;0,24;1;0,08;0,42
635,637;0,5;0,63;0,25;1,04;0,08;0,45
636,091;0,5;0,61;0,25;1,05;0,06;0,47
636,546;0,53;0,62;0,27;1,06;0,06;0,47
637;0,52;0,6;0,24;1,05;0,06;0,47
637,454;0,51;0,58;0,21;1,04;0,07;0,45
637,908;0,51;0,56;0,18;1,06;0,05;0,43
638,362;0,51;0,52;0,16;1,04;0,04;0,42
638,816;0,53;0,54;0,16;1,04;0,06;0,4
639,27;0,53;0,52;0,14;1,04;0,04;0,38
639,724;0,55;0,51;0,13;1,05;0,03;0,41
640,177;0,53;0,5;0,14;1,03;0,04;0,45
640,631;0,52;0,52;0,14;1,04;0,05;0,45
641,085;0,5;0,52;0,13;1,03;0,06;0,42
641,539;0,48;0,52;0,1;1,02;0,05;0,43
641,993;0,46;0,54;0,1;1,04;0,07;0,47
642,447;0,45;0,57;0,16;1,09;0,11;0,49
642,9;0,5;0,61;0,19;1,09;0,14;0,52
643,354;0,54;0,68;0,24;1,14;0,2;0,61
643,808;0,52;0,7;0,28;1,17;0,24;0,63
644,261;0,52;0,7;0,31;1,19;0,26;0,64
644,715;0,52;0,69;0,34;1,18;0,27;0,67
645,168;0,5;0,67;0,32;1,13;0,25;0,66
645,622;0,49;0,63;0,31;1,09;0,22;0,62
646,076;0,52;0,65;0,31;1,1;0,22;0,61
646,529;0,55;0,7;0,33;1,12;0,24;0,61
646,983;0,54;0,67;0,32;1,1;0,2;0,56
647,436;0,57;0,65;0,27;1,07;0,16;0,54
647,889;0,54;0,64;0,25;1,06;0,15;0,52
648,343;0,5;0,61;0,23;1,04;0,13;0,5
648,796;0,48;0,57;0,22;1,03;0,06;0,49
649,25;0,51;0,6;0,21;1,02;0,05;0,49
649,703;0,5;0,61;0,2;1,03;0,07;0,47
650,156;0,52;0,63;0,2;1,07;0,1;0,44
650,61;0,56;0,66;0,21;1,11;0,12;0,47
651,063;0,53;0,64;0,22;1,09;0,13;0,46
651,516;0,51;0,61;0,22;1,05;0,12;0,44
651,969;0,55;0,63;0,24;1,04;0,14;0,43
652,422;0,55;0,61;0,26;1,01;0,15;0,42
652,875;0,55;0,6;0,26;0,99;0,16;0,42
653,329;0,55;0,6;0,25;0,99;0,14;0,39
653,782;0,57;0,62;0,25;1;0,14;0,39
654,235;0,58;0,64;0,26;1;0,14;0,41
654,688;0,57;0,63;0,26;1,01;0,13;0,41
655,141;0,57;0,62;0,27;1,02;0,11;0,4
655,594;0,56;0,62;0,26;1;0,12;0,4
656,047;0,57;0,61;0,25;1,01;0,12;0,4
656,5;0,56;0,6;0,25;1,02;0,11;0,4
656,952;0,53;0,56;0,22;1;0,09;0,4
657,405;0,49;0,56;0,21;1;0,05;0,39
657,858;0,45;0,53;0,2;0,99;0,01;0,38
658,311;0,42;0,5;0,17;0,98;-0,03;0,38
658,764;0,38;0,46;0,14;0,93;-0,04;0,38
659,216;0,3;0,4;0,12;0,91;-0,06;0,35
659,669;0,29;0,4;0,11;0,9;-0,09;0,35
660,122;0,29;0,39;0,12;0,89;-0,12;0,37
660,575;0,28;0,4;0,14;0,89;-0,14;0,4
661,027;0,29;0,4;0,14;0,89;-0,17;0,41
661,48;0,33;0,43;0,15;0,91;-0,16;0,43
661,932;0,38;0,51;0,19;0,98;-0,11;0,48
662,385;0,41;0,52;0,2;0,99;-0,08;0,5
662,838;0,47;0,53;0,19;1,02;-0,05;0,5
663,29;0,5;0,58;0,21;1,06;0,01;0,5
663,743;0,51;0,58;0,23;1,08;0,03;0,5
664,195;0,5;0,56;0,25;1,09;0,05;0,47
664,647;0,53;0,57;0,27;1,09;0,08;0,45
665,1;0,54;0,56;0,25;1,1;0,11;0,43
665,552;0,55;0,55;0,26;1,12;0,12;0,39
666,005;0,54;0,55;0,27;1,12;0,13;0,41
666,457;0,51;0,54;0,28;1,11;0,15;0,42
666,909;0,47;0,51;0,26;1,09;0,16;0,4
667,361;0,47;0,51;0,25;1,08;0,15;0,4
667,814;0,48;0,53;0,25;1,09;0,14;0,44
668,266;0,45;0,51;0,23;1,08;0,1;0,43
668,718;0,44;0,49;0,21;1,06;0,05;0,43
669,17;0,44;0,52;0,19;1,06;0,04;0,45
669,622;0,43;0,54;0,19;1,07;0,05;0,47
670,074;0,4;0,53;0,19;1,06;0,04;0,47
670,526;0,4;0,51;0,17;1,03;0,03;0,45
670,979;0,38;0,5;0,14;1,01;0,03;0,42
671,431;0,37;0,48;0,11;1,02;0,01;0,39
671,883;0,4;0,47;0,13;1,03;-0,01;0,38
672,335;0,42;0,48;0,15;1,03;0,02;0,39
672,786;0,4;0,47;0,15;1,02;0,04;0,39
673,238;0,38;0,47;0,17;1,02;0,05;0,39
673,69;0,41;0,5;0,17;1,02;0,08;0,42
674,142;0,44;0,5;0,18;1,03;0,12;0,45
674,594;0,44;0,48;0,18;1,04;0,13;0,45
675,046;0,45;0,5;0,2;1,04;0,13;0,47
675,497;0,45;0,54;0,21;1,05;0,12;0,49
675,949;0,45;0,55;0,21;1,05;0,11;0,49
676,401;0,46;0,54;0,2;1,03;0,1;0,48
676,853;0,44;0,56;0,19;1,01;0,09;0,46
677,304;0,43;0,57;0,19;1,02;0,09;0,46
677,756;0,42;0,58;0,18;1,01;0,08;0,45
678,208;0,46;0,57;0,16;1,02;0,08;0,44
678,659;0,47;0,55;0,13;1,01;0,08;0,41
679,111;0,44;0,53;0,11;0,98;0,05;0,37
679,562;0,42;0,51;0,11;0,95;0;0,33
680,014;0,41;0,48;0,09;0,93;-0,02;0,32
680,465;0,43;0,46;0,1;0,95;0;0,35
680,917;0,44;0,48;0,13;0,97;0,01;0,38
681,368;0,44;0,5;0,15;0,97;0,02;0,39
681,819;0,44;0,48;0,15;0,98;0,02;0,4
682,271;0,43;0,45;0,15;0,96;0,01;0,38
682,722;0,43;0,43;0,15;0,94;-0,03;0,37
683,173;0,41;0,43;0,19;0,93;-0,04;0,39
683,625;0,4;0,46;0,23;0,93;-0,02;0,41
684,076;0,4;0,47;0,23;0,93;-0,05;0,42
684,527;0,42;0,51;0,24;0,93;-0,03;0,44
684,978;0,45;0,57;0,26;0,94;0,02;0,45
685,43;0,43;0,57;0,26;0,94;0,02;0,43
685,881;0,4;0,56;0,26;0,93;0,01;0,42
686,332;0,4;0,58;0,26;0,93;0,03;0,42
686,783;0,37;0,57;0,25;0,93;0,04;0,42
687,234;0,37;0,57;0,23;0,93;0,04;0,43
687,685;0,39;0,6;0,23;0,97;0,07;0,44
688,136;0,4;0,61;0,22;0,99;0,11;0,45
688,587;0,38;0,59;0,22;0,98;0,08;0,42
689,038;0,38;0,58;0,22;0,98;0,07;0,42
689,489;0,39;0,56;0,21;1;0,09;0,43
689,94;0,4;0,53;0,19;1,01;0,08;0,43
690,391;0,4;0,5;0,16;0,98;0,05;0,41
690,841;0,44;0,5;0,16;0,99;0,09;0,43
691,292;0,47;0,52;0,19;1,02;0,11;0,45
691,743;0,51;0,53;0,19;1,02;0,09;0,45
692,194;0,52;0,55;0,22;1,04;0,09;0,45
692,645;0,5;0,57;0,25;1,04;0,1;0,47
693,095;0,5;0,57;0,25;1,02;0,07;0,47
693,546;0,53;0,58;0,26;1,03;0,1;0,5
693,997;0,54;0,58;0,25;1,04;0,14;0,5
694,447;0,52;0,56;0,24;1,04;0,13;0,49
694,898;0,52;0,54;0,26;1,05;0,1;0,49
695,348;0,53;0,57;0,28;1,07;0,12;0,51
695,799;0,51;0,57;0,28;1,06;0,12;0,49
696,249;0,49;0,56;0,28;1,05;0,09;0,45
696,7;0,48;0,58;0,29;1,04;0,11;0,47
697,15;0,47;0,58;0,29;1,03;0,12;0,48
697,601;0,46;0,54;0,28;1,03;0,12;0,47
698,051;0,47;0,52;0,29;1,03;0,14;0,47
698,502;0,46;0,5;0,3;1,05;0,17;0,48
698,952;0,45;0,53;0,32;1,07;0,18;0,49
699,402;0,44;0,55;0,31;1,07;0,15;0,5
699,853;0,43;0,57;0,27;1,07;0,15;0,51
700,303;0,42;0,57;0,24;1,07;0,11;0,5
700,753;0,43;0,54;0,21;1,07;0,07;0,48
701,203;0,43;0,51;0,2;1,06;0,05;0,49
701,653;0,43;0,49;0,18;1,07;0,03;0,48
702,104;0,41;0,46;0,15;1,05;0;0,46
702,554;0,42;0,44;0,12;1,04;-0,02;0,43
703,004;0,41;0,45;0,09;1,03;-0,06;0,39
703,454;0,38;0,47;0,06;1,02;-0,09;0,35
703,904;0,39;0,44;0,06;1,02;-0,11;0,32
704,354;0,4;0,45;0,08;1;-0,08;0,33
704,804;0,4;0,46;0,12;0,99;-0,03;0,35
705,254;0,39;0,44;0,13;0,98;-0,03;0,31
705,704;0,37;0,45;0,12;0,96;-0,04;0,3
706,154;0,35;0,45;0,13;0,96;-0,05;0,29
706,604;0,34;0,44;0,14;0,96;-0,03;0,28
707,053;0,33;0,44;0,15;0,94;-0,03;0,28
707,503;0,31;0,43;0,16;0,92;-0,03;0,28
707,953;0,32;0,44;0,17;0,94;-0,03;0,3
708,403;0,34;0,44;0,17;0,96;-0,03;0,34
708,853;0,35;0,45;0,16;0,94;-0,03;0,36
709,302;0,34;0,43;0,14;0,92;-0,04;0,34
709,752;0,3;0,4;0,12;0,91;-0,05;0,31
710,202;0,3;0,39;0,12;0,92;-0,01;0,33
710,651;0,32;0,38;0,14;0,95;0,04;0,36
711,101;0,32;0,38;0,15;0,96;0,08;0,38
711,55;0,31;0,39;0,15;0,97;0,07;0,38
712;0,34;0,42;0,15;1;0,09;0,42
712,45;0,34;0,45;0,16;1,03;0,11;0,44
712,899;0,32;0,44;0,17;1,04;0,12;0,43
713,348;0,31;0,42;0,16;1,03;0,11;0,41
713,798;0,3;0,41;0,17;1,04;0,12;0,39
714,247;0,32;0,44;0,2;1,1;0,15;0,42
714,697;0,35;0,45;0,2;1,12;0,14;0,45
715,146;0,37;0,47;0,21;1,12;0,13;0,47
715,595;0,34;0,5;0,21;1,13;0,11;0,46
716,045;0,33;0,52;0,2;1,12;0,09;0,45
716,494;0,36;0,51;0,19;1,11;0,09;0,44
716,943;0,33;0,5;0,17;1,08;0,07;0,39
717,392;0,28;0,48;0,15;1,06;0,05;0,35
717,842;0,29;0,49;0,15;1,05;0,04;0,35
718,291;0,29;0,53;0,18;1,06;0,05;0,38
718,74;0,28;0,55;0,2;1,11;0,04;0,41
719,189;0,28;0,53;0,2;1,1;0,01;0,38
719,638;0,27;0,52;0,21;1,08;0;0,37
720,087;0,26;0,5;0,23;1,06;-0,01;0,37
720,536;0,27;0,48;0,24;1,05;0;0,38
720,985;0,29;0,48;0,21;1,04;0,03;0,39
721,434;0,28;0,48;0,23;1,06;0,06;0,43
721,883;0,3;0,49;0,25;1,08;0,1;0,44
722,332;0,34;0,49;0,23;1,09;0,1;0,46
722,781;0,35;0,48;0,2;1,07;0,1;0,45
723,23;0,34;0,47;0,18;1,07;0,12;0,42
723,679;0,36;0,44;0,15;1,04;0,11;0,39
724,127;0,33;0,42;0,12;0,98;0,1;0,38
724,576;0,32;0,43;0,12;0,98;0,11;0,38
725,025;0,32;0,47;0,12;1,01;0,12;0,38
725,474;0,36;0,51;0,13;1,01;0,13;0,39
725,922;0,38;0,52;0,14;1,03;0,11;0,41
726,371;0,39;0,52;0,14;1,03;0,09;0,39
726,82;0,41;0,52;0,15;1,05;0,07;0,38
727,268;0,42;0,53;0,16;1,01;0,07;0,39
727,717;0,4;0,55;0,18;1,02;0,08;0,37
728,165;0,39;0,52;0,18;1,01;0,05;0,35
728,614;0,35;0,51;0,15;0,96;0,03;0,35
729,062;0,35;0,53;0,15;0,97;0,04;0,36
729,511;0,36;0,54;0,15;0,97;0,07;0,34
729,959;0,37;0,51;0,12;0,97;0,05;0,33
730,408;0,36;0,49;0,13;0,96;0,06;0,33
730,856;0,34;0,49;0,16;0,95;0,09;0,32
731,304;0,33;0,46;0,15;0,92;0,09;0,32
731,753;0,35;0,49;0,14;0,91;0,1;0,33
732,201;0,39;0,53;0,18;0,95;0,15;0,37
732,649;0,39;0,53;0,17;0,95;0,17;0,39
733,097;0,38;0,53;0,16;0,93;0,19;0,4
733,546;0,42;0,56;0,18;0,98;0,23;0,43
733,994;0,41;0,55;0,18;0,99;0,23;0,43
734,442;0,4;0,52;0,18;0,99;0,23;0,42
734,89;0,4;0,52;0,17;0,97;0,24;0,42
735,338;0,37;0,54;0,15;0,97;0,22;0,41
735,786;0,36;0,54;0,14;0,99;0,2;0,4
736,234;0,38;0,57;0,16;1,02;0,2;0,42
736,682;0,37;0,58;0,17;1,04;0,23;0,45
737,13;0,33;0,55;0,17;1,02;0,21;0,42
737,578;0,34;0,55;0,17;1,01;0,17;0,4
738,026;0,36;0,55;0,19;1,03;0,15;0,42
738,474;0,36;0,52;0,19;1,04;0,15;0,41
738,922;0,38;0,54;0,22;1,04;0,15;0,43
739,37;0,37;0,56;0,22;1,04;0,13;0,45
739,818;0,38;0,59;0,24;1,04;0,14;0,47
740,266;0,38;0,6;0,23;1,04;0,15;0,46
740,713;0,4;0,58;0,2;1,02;0,15;0,44
741,161;0,39;0,59;0,18;1,03;0,16;0,42
741,609;0,36;0,58;0,18;1,03;0,14;0,4
742,057;0,38;0,58;0,15;1,05;0,14;0,41
742,504;0,37;0,6;0,13;1,07;0,18;0,46
742,952;0,39;0,62;0,14;1,09;0,22;0,47
743,399;0,41;0,65;0,16;1,12;0,25;0,49
743,847;0,4;0,62;0,13;1,11;0,24;0,5
744,295;0,39;0,62;0,15;1,13;0,26;0,51
744,742;0,36;0,59;0,17;1,14;0,26;0,53
745,19;0,35;0,56;0,16;1,13;0,22;0,54
745,637;0,34;0,58;0,19;1,14;0,24;0,58
746,085;0,32;0,58;0,18;1,12;0,25;0,58
746,532;0,33;0,58;0,17;1,09;0,23;0,57
746,979;0,36;0,58;0,19;1,09;0,24;0,56
747,427;0,35;0,57;0,21;1,08;0,25;0,57
747,874;0,33;0,56;0,22;1,06;0,23;0,56
748,321;0,31;0,54;0,22;1,02;0,2;0,54
748,769;0,33;0,57;0,22;1,04;0,21;0,56
749,216;0,33;0,55;0,2;1,04;0,21;0,55
749,663;0,36;0,55;0,18;1,02;0,22;0,51
750,11;0,39;0,57;0,18;1,04;0,26;0,51
750,557;0,39;0,54;0,17;1,04;0,26;0,51
751,004;0,39;0,52;0,17;1,04;0,24;0,48
751,452;0,38;0,52;0,16;1,06;0,24;0,47
751,899;0,38;0,53;0,14;1,06;0,24;0,48
752,346;0,38;0,52;0,13;1,09;0,24;0,43
752,793;0,38;0,53;0,1;1,06;0,22;0,41
753,24;0,41;0,54;0,12;1,08;0,23;0,4
753,687;0,41;0,53;0,13;1,07;0,25;0,36
754,134;0,44;0,55;0,14;1,05;0,27;0,36
754,581;0,47;0,59;0,17;1,08;0,3;0,39
755,027;0,47;0,62;0,2;1,11;0,3;0,4
755,474;0,48;0,65;0,23;1,14;0,3;0,4
755,921;0,53;0,69;0,27;1,17;0,32;0,44
756,368;0,52;0,7;0,25;1,16;0,33;0,43
756,815;0,48;0,66;0,25;1,15;0,3;0,4
757,261;0,47;0,64;0,27;1,13;0,27;0,41
757,708;0,49;0,66;0,29;1,15;0,29;0,42
758,155;0,46;0,65;0,27;1,15;0,29;0,43
758,601;0,46;0,66;0,27;1,15;0,28;0,42
759,048;0,46;0,68;0,29;1,18;0,29;0,45
759,495;0,43;0,65;0,27;1,16;0,24;0,43
759,941;0,41;0,62;0,27;1,14;0,22;0,41
760,388;0,42;0,6;0,27;1,12;0,22;0,42
760,834;0,4;0,55;0,24;1,09;0,2;0,4
761,281;0,43;0,53;0,27;1,12;0,21;0,42
761,727;0,47;0,57;0,3;1,15;0,22;0,44
762,174;0,46;0,57;0,3;1,17;0,24;0,45
762,62;0,47;0,56;0,29;1,18;0,26;0,45
763,066;0,48;0,56;0,29;1,19;0,27;0,46
763,513;0,45;0,54;0,26;1,19;0,24;0,47
763,959;0,4;0,51;0,23;1,15;0,2;0,44
764,405;0,38;0,46;0,18;1,13;0,18;0,4
764,852;0,38;0,46;0,13;1,11;0,18;0,38
765,298;0,38;0,48;0,14;1,12;0,2;0,39
765,744;0,39;0,5;0,17;1,15;0,22;0,41
766,19;0,39;0,51;0,17;1,16;0,21;0,39
766,636;0,38;0,5;0,15;1,15;0,21;0,41
767,083;0,4;0,53;0,16;1,16;0,23;0,44
767,529;0,38;0,5;0,13;1,14;0,2;0,43
767,975;0,37;0,51;0,13;1,11;0,19;0,44
768,421;0,37;0,51;0,16;1,11;0,2;0,44
768,867;0,4;0,52;0,2;1,14;0,23;0,44
769,313;0,43;0,54;0,24;1,15;0,29;0,46
769,759;0,45;0,56;0,27;1,19;0,33;0,5
770,205;0,42;0,53;0,25;1,2;0,32;0,49
770,651;0,41;0,51;0,19;1,16;0,28;0,49
771,096;0,43;0,52;0,18;1,13;0,29;0,5
771,542;0,44;0,52;0,16;1,1;0,32;0,49
771,988;0,44;0,49;0,12;1,05;0,28;0,43
772,434;0,47;0,53;0,11;1,06;0,27;0,41
772,88;0,48;0,54;0,07;1,07;0,3;0,41
773,325;0,46;0,54;0,03;1,08;0,29;0,41
773,771;0,43;0,53;0,01;1,09;0,29;0,42
774,217;0,42;0,55;0,02;1,08;0,28;0,42
774,662;0,38;0,53;0,01;1,06;0,26;0,4
775,108;0,35;0,51;0,01;1,02;0,24;0,39
775,554;0,34;0,55;0,03;1,03;0,25;0,42
775,999;0,3;0,55;0,03;1,07;0,26;0,46
776,445;0,27;0,56;0,05;1,11;0,26;0,46
776,89;0,25;0,58;0,07;1,15;0,26;0,49
777,336;0,24;0,56;0,06;1,15;0,28;0,51
777,781;0,23;0,57;0,08;1,19;0,28;0,52
778,227;0,26;0,59;0,1;1,18;0,26;0,53
778,672;0,32;0,62;0,11;1,17;0,26;0,54
779,117;0,37;0,65;0,12;1,19;0,28;0,58
779,563;0,41;0,66;0,12;1,19;0,25;0,59
780,008;0,43;0,69;0,12;1,2;0,26;0,57
780,453;0,42;0,7;0,13;1,18;0,28;0,54
780,898;0,38;0,68;0,12;1,13;0,24;0,49
781,344;0,38;0,64;0,12;1,1;0,23;0,47
781,789;0,41;0,65;0,13;1,06;0,25;0,47
782,234;0,42;0,63;0,16;1,05;0,25;0,49
782,679;0,44;0,6;0,16;1,01;0,22;0,46
783,124;0,46;0,63;0,16;1,01;0,22;0,45
783,569;0,44;0,64;0,16;1,01;0,22;0,44
784,014;0,42;0,64;0,15;1;0,22;0,42
784,459;0,43;0,68;0,14;1,01;0,24;0,43
784,904;0,44;0,68;0,14;1;0,24;0,43
785,349;0,44;0,63;0,1;1,01;0,23;0,39
785,794;0,46;0,62;0,08;1;0,25;0,37
786,239;0,5;0,66;0,09;1,01;0,26;0,38
786,684;0,48;0,67;0,1;1,04;0,27;0,38
787,129;0,46;0,68;0,09;1,05;0,27;0,34
787,574;0,45;0,71;0,12;1,05;0,29;0,33
788,019;0,44;0,72;0,14;1,06;0,33;0,37
788,463;0,41;0,66;0,13;1,06;0,32;0,4
788,908;0,38;0,62;0,12;1,05;0,31;0,4
789,353;0,31;0,55;0,07;1,01;0,3;0,36
789,798;0,26;0,53;0,03;0,98;0,28;0,35
790,242;0,25;0,55;0,04;0,97;0,24;0,33
790,687;0,24;0,57;0,06;0,98;0,23;0,36
791,132;0,25;0,6;0,1;1,03;0,28;0,41
791,576;0,28;0,6;0,12;1,03;0,31;0,39
792,021;0,32;0,62;0,12;1,01;0,3;0,42
792,465;0,33;0,62;0,14;1;0,3;0,45
792,91;0,32;0,64;0,16;1;0,28;0,42
793,354;0,32;0,67;0,17;1,02;0,26;0,39
793,799;0,31;0,7;0,17;1,01;0,24;0,37
794,243;0,36;0,75;0,24;1,05;0,26;0,4
794,687;0,39;0,76;0,29;1,1;0,29;0,4
795,132;0,42;0,76;0,34;1,1;0,33;0,43
795,576;0,45;0,78;0,38;1,12;0,37;0,46
796,02;0,42;0,71;0,36;1,06;0,3;0,38
796,465;0,4;0,72;0,35;1,04;0,26;0,37
796,909;0,38;0,72;0,34;1,03;0,29;0,35
797,353;0,37;0,7;0,29;1,06;0,31;0,28
797,797;0,36;0,65;0,28;1,08;0,32;0,25
798,241;0,38;0,64;0,28;1,08;0,34;0,29
798,685;0,4;0,62;0,29;1,09;0,36;0,32
799,13;0,4;0,56;0,29;1,05;0,35;0,28
799,574;0,43;0,55;0,26;1,03;0,35;0,3
800,018;0,41;0,56;0,2;1,03;0,34;0,29
800,462;0,36;0,52;0,14;1,02;0,3;0,23
800,906;0,36;0,53;0,12;1,03;0,29;0,26
801,35;0,34;0,51;0,08;1,04;0,27;0,26
801,794;0,31;0,48;0,08;1,04;0,23;0,27
802,237;0,29;0,47;0,1;0,98;0,2;0,31
802,681;0,28;0,45;0,07;0,92;0,17;0,35
803,125;0,29;0,45;0,07;0,9;0,18;0,36
803,569;0,3;0,47;0,07;0,91;0,18;0,37
804,013;0,32;0,48;0,06;0,93;0,19;0,39
804,456;0,28;0,47;0,04;0,92;0,16;0,38
804,9;0,26;0,46;0,07;0,95;0,15;0,41
805,344;0,28;0,48;0,1;0,99;0,18;0,43
805,788;0,26;0,47;0,08;0,98;0,17;0,43
806,231;0,22;0,48;0,09;0,96;0,17;0,45
806,675;0,22;0,49;0,13;0,96;0,17;0,46
807,118;0,23;0,48;0,14;0,96;0,14;0,44
807,562;0,25;0,52;0,18;0,99;0,18;0,45
808,005;0,25;0,57;0,21;1,01;0,21;0,45
808,449;0,24;0,6;0,2;1,02;0,19;0,47
808,892;0,24;0,62;0,23;1,04;0,19;0,5
809,336;0,25;0,68;0,29;1,07;0,26;0,53
809,779;0,25;0,7;0,28;1,06;0,28;0,51
810,223;0,24;0,67;0,25;1;0,27;0,48
810,666;0,27;0,71;0,27;1,04;0,3;0,5
811,109;0,3;0,74;0,29;1,09;0,32;0,49
811,553;0,35;0,76;0,32;1,14;0,36;0,48
811,996;0,39;0,78;0,31;1,19;0,42;0,54
812,439;0,38;0,8;0,25;1,2;0,39;0,53
812,882;0,38;0,74;0,21;1,2;0,33;0,51
813,326;0,39;0,73;0,2;1,21;0,35;0,5
813,769;0,35;0,7;0,13;1,2;0,31;0,47
814,212;0,34;0,65;0,09;1,19;0,25;0,43
814,655;0,37;0,64;0,1;1,16;0,26;0,48
815,098;0,4;0,66;0,15;1,21;0,27;0,52
815,541;0,37;0,64;0,17;1,18;0,22;0,48
815,984;0,34;0,58;0,13;1,12;0,15;0,47
816,427;0,29;0,52;0,06;1,06;0,11;0,48
816,87;0,23;0,49;0,03;1,04;0,07;0,43
817,313;0,2;0,45;0,07;1,04;0,07;0,42
817,756;0,17;0,44;0,11;0,99;0,12;0,43
818,199;0,17;0,43;0,15;0,97;0,13;0,47
818,642;0,18;0,47;0,17;0,95;0,16;0,49
819,084;0,19;0,49;0,15;0,95;0,17;0,49
819,527;0,21;0,52;0,13;0,97;0,18;0,46
819,97;0,15;0,5;0,09;0,92;0,15;0,43
820,413;0,13;0,47;0,08;0,93;0,19;0,42
820,855;0,16;0,49;0,12;0,96;0,26;0,45
821,298;0,15;0,49;0,19;0,94;0,26;0,42
821,741;0,18;0,46;0,26;0,94;0,25;0,38
822,183;0,23;0,43;0,24;0,94;0,25;0,33
822,626;0,24;0,43;0,19;0,98;0,27;0,29
823,069;0,23;0,4;0,16;0,97;0,27;0,22
823,511;0,21;0,32;0,18;0,96;0,23;0,16
823,954;0,24;0,33;0,23;0,97;0,24;0,19
824,396;0,25;0,31;0,25;0,95;0,24;0,21
824,838;0,29;0,29;0,23;0,92;0,22;0,2
825,281;0,32;0,3;0,18;0,88;0,16;0,21
825,723;0,36;0,31;0,15;0,85;0,17;0,19
826,166;0,36;0,28;0,06;0,87;0,16;0,18
826,608;0,42;0,31;0,01;0,9;0,2;0,25
827,05;0,42;0,35;-0,02;0,9;0,22;0,33
827,493;0,36;0,34;-0,01;0,87;0,16;0,29
827,935;0,35;0,32;-0,03;0,83;0,15;0,23
828,377;0,37;0,34;-0,06;0,81;0,17;0,25
828,819;0,32;0,32;-0,11;0,77;0,12;0,24
829,261;0,29;0,27;-0,1;0,76;0,07;0,2
829,704;0,29;0,28;-0,08;0,8;0,1;0,21
830,146;0,27;0,31;-0,06;0,85;0,2;0,25
830,588;0,21;0,28;-0,04;0,9;0,2;0,23
831,03;0,22;0,32;0,01;0,9;0,23;0,26
831,472;0,13;0,33;0;0,82;0,27;0,22
831,914;0,03;0,24;-0,01;0,77;0,24;0,13
832,356;0,05;0,24;-0,03;0,76;0,26;0,14
832,798;0,11;0,31;-0,01;0,81;0,29;0,25
833,24;0,13;0,39;0,04;0,88;0,33;0,33
833,681;0,11;0,38;0,06;0,9;0,34;0,35
834,123;0,12;0,4;0,02;0,9;0,35;0,37
834,565;0,14;0,38;-0,01;0,9;0,34;0,36
835,007;0,14;0,32;0,04;0,89;0,27;0,36
835,449;0,2;0,32;0,08;0,9;0,3;0,39
835,89;0,22;0,31;0,06;0,91;0,3;0,39
836,332;0,22;0,32;0,05;0,97;0,23;0,39
836,774;0,24;0,37;0,08;1,02;0,19;0,43
837,215;0,25;0,35;0,07;1,02;0,12;0,47
837,657;0,23;0,33;0,08;1,03;0,07;0,47
838,099;0,17;0,24;-0,01;0,98;0;0,32
838,54;0,2;0,22;-0,04;0,97;-0,02;0,23
838,982;0,2;0,24;0;1;-0,04;0,26
839,423;0,16;0,3;0,04;1,02;-0,02;0,27
839,865;0,16;0,34;0;0,99;-0,02;0,24
840,306;0,12;0,38;-0,01;0,95;-0,06;0,27
840,748;0,02;0,36;-0,07;0,94;-0,11;0,27
841,189;-0,01;0,3;-0,13;0,9;-0,15;0,27
841,63;0,04;0,29;-0,12;0,86;-0,14;0,28
842,072;0,04;0,33;-0,13;0,83;-0,09;0,28
842,513;0;0,28;-0,17;0,78;-0,09;0,23
842,954;0,04;0,28;-0,14;0,79;-0,1;0,27
843,395;0,09;0,32;-0,09;0,83;-0,03;0,36
843,837;0,06;0,32;-0,08;0,81;0;0,39
844,278;0,04;0,27;-0,09;0,79;-0,05;0,36
844,719;0,06;0,29;-0,1;0,76;-0,09;0,36
845,16;0,11;0,29;-0,11;0,77;-0,09;0,33
845,601;0,26;0,32;0,02;0,83;-0,02;0,38
846,042;0,32;0,36;0,13;0,82;0;0,4
846,483;0,3;0,38;0,15;0,87;0,04;0,43
846,924;0,32;0,37;0,23;0,97;0,1;0,44
847,365;0,33;0,36;0,22;0,99;0,08;0,42
847,806;0,35;0,37;0,22;0,95;0,12;0,45
848,247;0,32;0,36;0,17;0,88;0,09;0,42
848,688;0,29;0,32;0,08;0,83;0,03;0,34
849,129;0,36;0,36;0,1;0,85;0,08;0,42
849,57;0,33;0,42;0,16;0,93;0,14;0,47
850,011;0,26;0,44;0,17;0,97;0,14;0,48
850,452;0,24;0,42;0,12;1,02;0,12;0,44
850,892;0,25;0,43;0,07;1,05;0,18;0,47
851,333;0,22;0,44;0,06;1,06;0,17;0,46
851,774;0,21;0,44;0,03;1,07;0,16;0,39
852,214;0,28;0,54;0,11;1,15;0,22;0,47
852,655;0,24;0,59;0,17;1,21;0,22;0,52
853,096;0,25;0,64;0,21;1,24;0,26;0,55
853,536;0,32;0,73;0,28;1,27;0,35;0,65
853,977;0,32;0,76;0,27;1,31;0,37;0,66
854,417;0,32;0,72;0,26;1,35;0,38;0,65
854,858;0,33;0,73;0,27;1,33;0,42;0,68
855,298;0,26;0,73;0,27;1,27;0,45;0,73
855,739;0,22;0,74;0,25;1,28;0,42;0,75
856,179;0,27;0,77;0,29;1,32;0,44;0,81
856,62;0,3;0,86;0,38;1,32;0,5;0,89
857,06;0,27;0,84;0,39;1,26;0,56;0,84
857,5;0,3;0,74;0,35;1,19;0,57;0,78
857,941;0,29;0,63;0,36;1,21;0,54;0,74
858,381;0,32;0,64;0,4;1,26;0,54;0,71
858,821;0,34;0,63;0,43;1,25;0,55;0,65
859,261;0,44;0,62;0,47;1,25;0,59;0,6
859,701;0,5;0,65;0,45;1,21;0,56;0,58
860,142;0,5;0,69;0,44;1,21;0,52;0,6
860,582;0,44;0,63;0,46;1,17;0,48;0,53
861,022;0,34;0,57;0,35;1,04;0,4;0,41
861,462;0,29;0,5;0,26;0,96;0,31;0,34
861,902;0,28;0,5;0,18;0,94;0,28;0,31
862,342;0,27;0,57;0,15;0,96;0,22;0,35
862,782;0,29;0,62;0,14;0,98;0,22;0,39
863,222;0,21;0,52;0,1;0,96;0,17;0,36
863,662;0,13;0,44;0,06;0,95;0,1;0,3
864,102;0,05;0,44;0,03;0,92;0,09;0,32
864,542;0,11;0,47;0,12;0,97;0,15;0,43
864,981;0,13;0,47;0,12;0,99;0,14;0,37
865,421;0,14;0,47;0,04;0,95;0,08;0,31
865,861;0,25;0,49;0,07;1,02;0,12;0,37
866,301;0,29;0,45;0,09;1,07;0,14;0,42
866,74;0,23;0,36;0,07;1,06;0,07;0,4
867,18;0,21;0,33;0,04;1,05;0,09;0,35
867,62;0,16;0,29;0,02;1,04;0,11;0,29
868,059;0,14;0,31;0,02;1,09;0,15;0,28
868,499;0,11;0,33;-0,01;1,09;0,19;0,3
868,939;0,14;3,87;-0,03;3,31;1,52;2,43
869,378;0,03;4,18;-0,08;3,4;1,56;2,51
869,818;0,03;4,19;-0,09;3,36;1,55;2,53
870,257;0,1;4,27;-0,02;3,45;1,65;2,66
870,697;0,05;4,33;0,02;3,48;1,71;2,71
871,136;0,04;4,44;0,02;3,52;1,74;2,71
871,575;0,08;4,57;0,06;3,58;1,79;2,78
872,015;0,03;4,63;0,16;3,65;1,84;2,85
872,454;0,03;4,65;0,25;3,67;1,8;2,88
872,894;0,13;4,67;0,28;3,63;1,73;2,86
873,333;0,28;4,79;0,36;3,68;1,82;2,96
873,772;0,21;1,04;0,35;1,3;0,4;0,66
874,211;0,22;0,53;0,35;1,12;0,23;0,4
874,65;0,2;0,44;0,39;1,13;0,23;0,39
875,09;0,19;0,4;0,43;1,06;0,2;0,34
875,529;0,23;0,37;0,43;1,07;0,1;0,25
875,968;0,2;0,31;0,39;1,01;-0,05;0,23
876,407;0,23;0,26;0,38;0,94;-0,06;0,29
876,846;0,37;0,32;0,42;0,96;-0,01;0,27
877,285;0,49;0,44;0,44;1,04;0,01;0,36
877,724;0,52;0,47;0,45;1,08;0,07;0,44
878,163;0,47;0,41;0,38;1,05;0,01;0,39
878,602;0,44;0,33;0,33;0,95;-0,13;0,35
879,041;0,47;0,45;0,28;0,99;-0,08;0,43
879,48;0,46;0,59;0,28;1,04;0,06;0,45
879,919;0,41;0,58;0,29;1,06;0,11;0,45
880,357;0,34;0,52;0,23;0,96;0,1;0,46
880,796;0,32;0,47;0,21;0,89;0,16;0,44
881,235;0,29;0,43;0,25;0,89;0,15;0,35
881,674;0,22;0,31;0,18;0,9;0,08;0,34
882,113;0,11;0,26;0,09;0,87;0,17;0,34
882,551;-0,01;0,24;0,07;0,83;0,19;0,34
882,99;-0,05;0,19;0,14;0,85;0,18;0,34
883,428;-0,02;0,2;0,26;0,94;0,24;0,44
883,867;-0,08;0,14;0,31;0,91;0,21;0,46
884,306;-0,15;0,02;0,34;0,87;0,14;0,43
884,744;-0,09;0,06;0,33;0,85;0,1;0,46
885,183;0,02;0,1;0,42;0,93;0,19;0,56
885,621;0,18;0,19;0,53;1,14;0,31;0,66
886,06;0,23;0,33;0,54;1,24;0,29;0,71
886,498;0,24;0,39;0,58;1,18;0,25;0,7
886,936;0,25;0,41;0,57;1,09;0,24;0,61
887,375;0,15;0,42;0,4;0,99;0,1;0,42
887,813;0,09;0,43;0,25;0,86;-0,01;0,31
888,251;0,07;0,38;0,14;0,74;-0,01;0,22
888,69;0,1;0,33;0,14;0,72;-0,05;0,14
889,128;0,25;0,34;0,15;0,73;-0,09;0,16
889,566;0,35;0,42;0,2;0,87;-0,02;0,27
890,004;0,31;0,49;0,15;0,95;-0,04;0,23
890,443;0,2;0,48;0,04;0,88;-0,11;0,16
890,881;0,19;0,41;0;0,87;-0,11;0,16
891,319;0,21;0,44;-0,01;0,94;-0,02;0,21
891,757;0,21;0,37;-0,01;1,02;0,05;0,22
892,195;0,28;0,28;0,06;1,06;0,18;0,38
892,633;0,22;0,27;0,12;1,09;0,29;0,48
893,071;0,18;0,28;0,11;1,15;0,33;0,48
893,509;0,18;0,29;-0,01;1,14;0,34;0,48
893,947;0,13;0,37;-0,05;1,16;0,38;0,47
894,385;0,1;0,39;0,01;1,15;0,41;0,43
894,823;0,14;0,37;0,06;1,1;0,4;0,47
895,26;0,23;0,38;0,12;1,1;0,41;0,49
895,698;0,18;0,46;0,13;1,04;0,46;0,45
896,136;0,1;0,52;0,13;1,01;0,45;0,42
896,574;0,09;0,6;0,21;1,04;0,27;0,4
897,011;0,16;0,72;0,3;1,09;0,13;0,39
897,449;0,23;0,69;0,39;1,09;0,09;0,34
897,887;0,25;0,7;0,44;1,12;0,04;0,27
898,324;0,25;0,82;0,47;1,17;0,03;0,33
898,762;0,16;0,79;0,42;1,13;-0,02;0,32
899,2;0,05;0,61;0,28;1,03;-0,07;0,23
899,637;-0,02;0,43;0,14;0,94;-0,09;0,15
900,075;-0,12;0,34;0,12;0,84;-0,07;0,18
900,512;-0,13;0,26;0,14;0,88;-0,05;0,26
900,95;-0,18;0,07;0,06;0,82;-0,16;0,26
901,387;-0,25;-0,09;-0,04;0,74;-0,2;0,22
901,824;-0,35;-0,22;-0,12;0,64;-0,2;0,06
902,262;-0,3;-0,25;-0,14;0,67;-0,24;0,04
902,699;-0,33;-0,29;-0,13;0,69;-0,21;0,15
903,136;-0,41;-0,44;-0,06;0,68;-0,22;0,1
903,574;-0,45;-0,59;-0,02;0,61;-0,3;0
904,011;-0,43;-0,62;0,01;0,59;-0,36;-0,02
904,448;-0,38;-0,52;0,06;0,59;-0,24;0,01
904,885;-0,53;-0,58;0,06;0,56;-0,26;-0,02
905,323;-0,55;-0,7;0,08;0,49;-0,27;-0,09
905,76;-0,48;-0,66;0,07;0,46;-0,29;-0,11
906,197;-0,51;-0,57;0,07;0,46;-0,27;0
906,634;-0,47;-0,49;0,08;0,61;-0,13;0,12
907,071;-0,39;-0,4;-0,02;0,62;-0,09;0,22
907,508;-0,33;-0,28;0,03;0,66;-0,07;0,23
907,945;-0,28;-0,22;0,03;0,66;-0,11;0,16
908,382;-0,24;-0,15;0;0,66;-0,14;0,11
908,819;-0,16;0,05;0,09;0,71;-0,02;0,14
909,256;-0,17;0,21;0,17;0,69;-0,11;0,12
909,693;-0,09;0,32;0,13;0,68;-0,18;0,1
910,13;-0,11;0,47;0,11;0,74;-0,24;0,16
910,566;-0,1;0,56;0,24;0,81;-0,19;0,18
911,003;-0,12;0,51;0,28;0,78;-0,24;0,1
911,44;-0,07;0,5;0,29;0,74;-0,24;0,07
911,877;-0,04;0,61;0,4;0,83;-0,04;0,16
912,313;-0,13;0,53;0,31;0,74;0,02;0,15
912,75;-0,22;0,54;0,28;0,79;0,09;0,16
913,187;-0,14;0,64;0,34;0,95;0,21;0,35
913,623;-0,16;0,48;0,34;0,94;0,11;0,41
914,06;-0,19;0,21;0,27;0,99;0,06;0,36
914,496;-0,09;0,14;0,32;1,02;0,12;0,38
914,933;0,05;0,05;0,37;0,96;0,17;0,44
915,369;0,14;-0,05;0,34;0,97;0,22;0,42
915,806;0,31;0,03;0,31;1,03;0,34;0,4
916,242;0,31;0,01;0,34;0,93;0,25;0,4
916,679;0,06;-0,13;0,28;0,78;-0,05;0,21
917,115;0,04;-0,15;0,31;0,74;-0,27;0,13
917,552;0,22;-0,03;0,45;0,71;-0,23;0,22
917,988;0,19;0,08;0,53;0,63;-0,11;0,2
918,424;0;0,09;0,41;0,51;-0,13;0,03
918,86;-0,03;0,2;0,4;0,53;-0,13;-0,01
919,297;0,02;0,34;0,42;0,62;-0,04;0,07
919,733;-0,06;0,42;0,47;0,77;0,04;0,03
920,169;-0,24;0,44;0,47;0,72;0,01;0,01
920,605;-0,29;0,39;0,5;0,63;0,03;0,16
921,041;-0,31;0,44;0,51;0,74;0,18;0,29
921,477;-0,16;0,51;0,64;0,89;0,41;0,39
921,913;0,08;0,62;0,67;0,99;0,7;0,63
922,349;-0,04;0,44;0,54;0,96;0,63;0,67
922,785;-0,13;0,25;0,45;0,95;0,42;0,69
923,221;0,03;0,27;0,52;1;0,43;0,92
923,657;0,11;0,21;0,59;0,94;0,57;1,09
924,093;0,14;0,03;0,57;0,94;0,46;0,96
924,529;0,24;-0,12;0,41;0,9;0,22;0,82
924,965;0,35;-0,02;0,44;0,86;0,24;0,85
925,401;0,24;0,13;0,39;0,83;0,25;0,79
925,837;0,23;0,06;0,32;0,72;0,06;0,66
926,272;0,19;-0,11;0,19;0,67;-0,13;0,55
926,708;0,04;-0,16;0,06;0,61;-0,24;0,44
927,144;0,15;-0,11;-0,05;0,51;-0,23;0,39
927,58;0,5;-0,02;-0,1;0,44;-0,21;0,28
928,015;0,52;0;-0,27;0,35;-0,19;0,24
928,451;0,36;-0,1;-0,43;0,26;-0,27;0,15
928,886;0,16;-0,25;-0,48;0,22;-0,22;0,02
929,322;-0,03;-0,22;-0,44;0,04;-0,17;0,06
929,758;-0,05;-0,34;-0,39;0,12;-0,2;0,23
930,193;0,05;-0,46;-0,21;0,28;-0,29;0,34
930,628;0,18;-0,17;-0,02;0,49;-0,06;0,58
931,064;0,22;-0,02;0,05;0,48;0,12;0,84
931,499;0,24;0,08;0,16;0,43;0,08;0,87
931,935;0,12;0,21;0,28;0,76;0,05;1,09
932,37;-0,1;0,16;0,38;0,93;0,2;1,25
932,805;-0,22;0,14;0,51;1,09;0,25;1,12
933,241;-0,23;0,11;0,45;1,14;0,16;1,04
933,676;-0,09;0,36;0,43;1,01;0,12;1,27
934,111;0,17;0,61;0,28;1,14;0,37;1,57
934,546;0,3;0,64;0,25;1,12;0,53;1,45
934,982;0,45;0,53;0,37;0,93;0,78;1,27
935,417;0,31;0,05;0,24;0,47;0,72;1,02
935,852;0,08;-0,35;0,15;0;0,54;0,72
936,287;-0,02;-0,72;0,06;-0,37;0,43;0,5
936,722;0,28;-1,07;-0,08;-0,95;0,35;0,19
937,157;0,37;-1,14;-0,17;-1,17;0,31;0,24
937,592;0,85;-0,68;0,11;-1,07;0,33;0,65
938,027;1,62;-0,07;0,66;-0,81;0,22;1,18
938,462;1,59;-0,05;1,25;-0,36;-0,18;1,58
938,897;0,83;-0,76;1,6;-0,56;-0,94;1,12
939,332;0,55;-0,85;1,47;-0,89;-1,76;0,77
939,767;0,66;-0,78;1,23;-0,78;-2,07;0,77
940,201;0,94;-0,05;1,66;-0,08;-1,8;1,42
940,636;1,24;0,39;1,91;0,43;-2,05;1,87
941,071;1,65;0,21;2,35;0,77;-2,21;2,05
941,506;1,8;0,87;3,27;0,97;-1,42;2,53
941,94;1,48;0,6;3,37;0,86;-1,37;2,39
942,375;0,6;-0,51;2,83;0,26;-1,26;1,51
942,81;-0,62;-0,86;1,99;-0,49;-1,16;0,84
943,244;-1,25;-1;0,97;-1,73;-1,44;0,12
943,679;-0,49;-0,61;0,89;-1,43;-0,95;-0,01
944,114;-0,01;-0,07;1,03;-0,7;-0,68;1,04
944,548;-0,62;0,05;0,89;-0,83;-0,97;1,31
944,983;-1,19;-0,25;0,69;-1,38;-1,57;0,59
945,417;-0,8;-0,08;1,02;-1,34;-0,97;1,04
945,852;-0,83;0,37;1,32;-1,21;-0,31;1,48
946,286;-1,31;-0,25;0,91;-1,27;-0,74;0,83
946,72;-1,57;-0,72;0,46;-1,42;-1,22;0,66
947,155;-1,34;-0,87;1,03;-1,36;-1,71;1,16
947,589;-0,92;-0,66;1,98;-1,11;-1,24;1,3
948,023;-0,27;-0,07;2,52;-0,49;-0,25;1,26
948,458;-0,49;-0,57;2,34;-0,98;-0,07;1,25
948,892;-0,71;-1,16;2,15;-1,45;0,63;0,73
949,326;-0,77;-1,68;1,66;-1,32;0,67;0,4
949,76;-0,13;-2,09;1,56;-0,8;0,65;-0,16
950,194;0;-2,17;1,17;-0,53;0,5;-0,4
950,628;-0,02;-2,25;0,99;-0,28;0,38;-0,55
951,063;0,12;-2,42;0,94;-0,2;0,51;-0,63
951,497;0,42;-1,88;0,69;-0,29;0,84;-0,42
951,931;0,42;-1,62;0,26;-0,45;0,93;-0,64
952,365;0,29;-2,07;-0,02;-0,57;0,59;-0,77
952,799;0,02;-2,59;-0,29;-0,74;0,22;-0,45
953,233;-0,17;-2,5;-0,16;-0,58;0,16;-0,34
953,666;-0,6;-2,3;-0,2;-0,46;-0,18;-0,61
954,1;-0,76;-1,81;-0,38;-0,42;-0,46;-0,68
954,534;-1,25;-1,43;-0,8;-0,46;-0,76;-0,29
954,968;-1,41;-1,28;-0,85;-0,39;-0,86;-0,5
955,402;-1,52;-1,42;-1,02;-0,5;-1,16;-0,71
955,836;-1,69;-1,25;-0,71;-0,47;-1,37;-0,52
956,269;-1,77;-1,34;-0,39;-0,4;-1,44;-0,56
956,703;-2,03;-1,62;-0,62;-0,38;-1,49;-0,62
957,137;-1,92;-1,61;-0,71;-0,38;-1,44;-0,57
957,57;-1,45;-1,23;-0,56;-0,16;-1,12;-0,38
958,004;-1,07;-0,81;-0,5;0,04;-0,98;-0,27
958,438;-0,58;-0,76;-0,71;-0,02;-1,17;-0,3
958,871;-0,2;-0,64;-0,69;-0,17;-1,04;-0,28
959,305;-0,16;-0,71;-0,41;-0,15;-0,84;-0,21
959,738;-0,43;-1,04;-0,28;-0,16;-0,87;-0,34
960,172;-0,35;-1,03;-0,47;-0,44;-0,71;-0,56
960,605;-0,2;-0,96;-0,85;-0,58;-0,4;-0,66
961,038;-0,16;-1,13;-0,98;-0,41;-0,27;-0,86
961,472;-0,04;-0,96;-0,91;-0,18;-0,37;-0,7
961,905;0,24;-0,48;-0,66;0,34;-0,16;-0,46
962,338;0,24;-0,5;-0,69;0,64;0,08;-0,74
962,772;0,13;-0,66;-1;0,64;0,05;-1,05
963,205;0,36;-0,49;-0,49;0,96;0,46;-0,6
963,638;0,16;-0,67;-0,25;1;0,56;-0,3
964,071;-0,16;-1,12;-0,52;0,66;0,3;-0,59
964,505;-0,2;-1,34;-0,68;0,43;0,24;-0,66
964,938;-0,1;-1,1;-0,22;0,78;0,26;-0,27
965,371;-0,09;-1,09;0,09;1;-0,09;-0,15
965,804;-0,22;-1;0,2;0,81;-0,47;-0,24
966,237;-0,18;-0,58;0,55;0,96;-0,11;-0,06
966,67;-0,63;-0,81;0,4;0,72;-0,04;-0,14
967,103;-1,03;-1;0,26;0,44;-0,42;-0,36
967,536;-1,08;-0,99;0,36;0,41;-0,66;0
967,969;-1,35;-1,06;0,31;0,34;-0,66;0,23
968,402;-1,26;-0,95;0,64;0,67;-0,28;0,41
968,835;-0,97;-0,63;0,91;0,9;0,02;0,92
969,268;-0,86;-0,34;1;0,93;-0,1;1,18
969,7;-1,06;-0,32;0,95;0,99;-0,11;1,08
970,133;-1,11;-0,26;1;0,91;0;1,01
970,566;-0,97;-0,08;1,17;0,89;0,24;1,36
970,999;-0,95;-0,05;1,07;0,72;0,27;1,43
971,431;-0,92;0,23;1,2;0,61;0,14;1,42
971,864;-0,82;0,41;1,36;0,53;0,08;1,56
972,297;-0,63;0,49;1,5;0,49;0,32;1,5
972,729;-0,8;0,29;1,32;0,5;0,09;1,09
973,162;-0,78;-0,05;0,98;0,46;-0,46;0,59
973,594;-0,63;0,11;0,93;0,48;-0,61;0,46
974,027;-0,63;0,29;1,04;0,44;-0,45;0,52
974,459;-0,7;0,13;1,05;0,33;-0,53;0,34
974,892;-0,62;0,19;0,93;0,46;-0,52;0,46
975,324;-0,57;0,14;0,96;0,64;-0,37;0,52
975,757;-0,79;-0,35;1,07;0,51;-0,77;0,35
976,189;-0,66;-0,71;0,97;0,65;-1,22;0,48
976,621;-0,65;-0,99;0,87;0,78;-1,27;0,58
977,054;-0,73;-0,94;0,85;1,11;-1,23;0,73
977,486;-0,49;-0,66;0,94;1,11;-1,27;0,72
977,918;-0,47;-0,63;0,98;0,8;-1,34;0,64
978,35;-0,39;-0,71;1,13;1,05;-1,15;0,51
978,783;-0,27;-0,96;1,05;1,06;-1,25;0,24
979,215;-0,18;-1,24;0,67;0,8;-1,35;0,2
979,647;-0,25;-1,42;0,47;0,7;-1,45;0,21
980,079;-0,53;-1,64;0,24;0,89;-1,8;0,1
980,511;-0,24;-1,58;0,13;1,24;-1,75;0,2
980,943;-0,01;-1,03;0,27;1,55;-1,29;0,3
981,375;-0,12;-0,66;0,59;1,51;-1,11;-0,01
981,807;-0,02;-0,78;1,17;1,4;-0,96;-0,46
982,239;0,02;-1,04;1,17;1,33;-0,87;-0,63
982,671;0,31;-0,76;1,24;1,29;-0,55;-0,47
983,103;0,23;-0,94;0,89;0,74;-0,75;-0,81
983,535;0,23;-0,83;0,8;0,63;-0,68;-0,72
983,967;0,36;-0,46;0,9;0,8;-0,29;-0,44
984,398;0,07;-0,62;1;0,66;-0,14;-0,85
984,83;0,14;-0,63;1,05;0,18;-0,13;-1,18
985,262;-0,09;-0,62;1,04;-0,15;-0,21;-1,49
985,694;-0,26;-0,82;1;-0,31;-0,38;-1,39
986,125;-0,02;-0,95;0,73;-0,23;-0,55;-0,89
986,557;-0,13;-1,11;0,13;-0,42;-1,11;-0,77
986,989;-0,35;-1,16;0,13;-0,44;-1,25;-0,53
987,42;-0,87;-1,69;0,06;-0,42;-1,51;-0,46
987,852;-0,99;-1,97;0,2;-0,42;-1,61;-0,06
988,283;-0,84;-1,79;0,14;-0,35;-1,74;0,34
988,715;-0,82;-1,47;0,14;0,05;-2,08;0,28
989,146;-0,61;-1,29;0,23;0,53;-1,94;0,33
989,578;-0,27;-1,14;0,34;0,78;-1,76;0,71
990,009;0,27;-1;0,27;0,79;-1,53;0,83
990,441;0,5;-0,76;0,37;0,89;-1,11;0,53
990,872;0,72;-0,31;0,67;1,07;-0,8;0,73
991,303;0,78;0,07;0,85;0,97;-0,39;0,93
991,735;0,63;0,21;0,69;0,86;-0,29;0,71
992,166;0,81;0,57;0,73;0,89;-0,26;0,56
992,597;0,79;0,47;0,75;0,9;-0,33;0,21
993,028;0,46;0,01;0,77;0,98;-0,45;-0,22
993,459;0,2;-0,57;0,7;0,49;-0,82;-0,32
993,891;0,35;-0,49;0,79;0,31;-0,89;0,07
994,322;0,23;0,09;1,05;0,64;-0,68;0,36
994,753;-0,39;0,19;1,17;0,55;-0,99;0,4
995,184;-0,43;-0,2;0,82;-0,05;-1,44;0,12
995,615;-0,49;-0,35;0,51;-0,4;-1,7;-0,09
996,046;-0,62;-0,32;0,55;-0,08;-1,82;0,04
996,477;-0,43;-0,39;0,74;0,06;-1,77;0,1
996,908;-0,38;-0,47;0,42;0,05;-1,91;0,2
997,339;-0,27;0,05;0,49;0,28;-1,81;0,36
997,77;-0,13;0,69;1,06;0,43;-1,39;0,27
998,2;0,14;1,11;1,51;0,79;-0,52;0,72
998,631;0,4;0,95;1,48;0,61;-0,56;0,88
999,062;0,45;0,2;1,12;0,15;-0,73;0,47
999,493;0,52;-0,42;0,89;-0,14;-0,74;0,01
999,924;0,36;-0,72;1;0,11;-0,66;-0,14
1000,354;0,12;-1;1,12;0,46;-0,6;-0,42
1000,785;-0,4;-1,79;0,7;-0,11;-1,01;-0,84
1001,216;-0,82;-1,91;0,25;-0,45;-1,23;-0,79
1001,646;-1,22;-1,37;0,05;-0,42;-1,25;-0,67
1002,077;-1,75;-1,6;-0,47;-0,56;-1,48;-0,75
1002,507;-1,51;-1,63;-1,05;-0,6;-1,56;-0,5
1002,938;-1,53;-1,58;-2;-0,89;-2,27;-0,8
1003,368;-2,1;-1,45;-2,33;-0,76;-2,31;-1,27
1003,799;-2,14;-1,01;-1,85;-0,17;-1,85;-1,49
1004,229;-1,31;-0,01;-1,11;0,61;-1,06;-0,52
1004,66;-1,46;0,44;-0,93;0,56;-0,83;0,32
1005,09;-2,19;0,05;-1,83;-0,04;-1,35;0,02
1005,52;-1,85;0,23;-2,2;0,05;-1,32;0,06
1005,951;-1,24;0,38;-1,48;0,21;-0,89;0,25
1006,381;-1,04;-0,09;-0,76;-0,15;-0,72;0,02
1006,811;-0,97;-0,16;-0,39;-0,58;-0,67;0,09
1007,241;-1,38;-0,41;-0,16;-0,62;-0,76;0,04
1007,672;-1,5;-0,61;0,61;-0,32;-0,63;-0,29
1008,102;-1,4;-1,05;0,43;-0,85;-1,04;-0,49
1008,532;-1,21;-1,43;0,17;-1,25;-1,57;-0,1
1008,962;-1,65;-1,78;-0,76;-1,81;-2,26;-0,57
1009,392;-1,76;-2,47;-1,46;-1,97;-2,69;-1
1009,822;-1,3;-2,19;-0,51;-1,52;-1,99;-0,28
1010,252;-1,09;-1,26;0,33;-1,18;-1,33;0,35
1010,682;-1,2;-0,97;0,46;-1,03;-1,45;0,41
1011,112;-1,14;-0,91;0,3;-0,46;-1,46;0,52
1011,542;-0,83;-0,66;0;-0,14;-1,03;0,78
1011,972;-1,23;-1,09;-0,5;-0,52;-1,08;0,55
1012,402;-1,32;-1,47;-0,53;-0,58;-0,71;0,51
1012,831;-1,3;-0,82;-0,38;-0,82;-0,18;0,81
1013,261;-1,63;-0,74;-0,54;-1,32;0;0,63
1013,691;-1,8;-1,3;-0,07;-0,74;0,27;0,76
1014,121;-1,62;-1,12;0,66;-0,12;0,23;0,66
1014,55;-1,53;-1,34;0,72;-0,47;0,14;0,05
1014,98;-2,43;-2,14;0,21;-1,07;-0,35;-0,89
1015,41;-3,37;-3,17;-1,06;-2,15;-1,72;-1,83
1015,839;-3,51;-3,5;-1,22;-2,71;-1,93;-2,1
1016,269;-4,1;-4;-0,97;-2,61;-2,38;-2,73
1016,699;-3,65;-3,8;-0,35;-2,17;-2,54;-2,66
1017,128;-3,01;-3,35;-0,22;-2,16;-2,31;-1,89
1017,558;-1,86;-2,64;0,44;-0,66;-1,42;-0,98
1017,987;-1,39;-2,59;0,44;0;-1,15;-0,52
1018,417;-1,28;-2,55;0,7;-0,33;-1,23;-0,71
1018,846;-1,3;-2,53;0,52;-0,73;-0,69;-0,56
1019,275;-1,53;-2,76;0;-0,87;-0,71;-0,58
1019,705;-1,23;-3,24;0,22;-0,61;-1,4;-0,52
1020,134;-0,49;-3,11;0,99;0,34;-0,5;0
1020,563;-0,23;-3,17;1,47;0,65;0,59;0,42
1020,993;0,43;-3,21;1,61;0,56;1,17;0,46
1021,422;0,92;-3,17;1,17;0,4;1,29;0,72
1021,851;0,76;-3,32;1,09;0,46;1,46;0,88
1022,28;-0,14;-3,87;0,92;0,43;1,19;0,58
1022,709;-0,76;-3,85;0,9;0,27;0,69;-0,21
1023,138;-0,8;-3,87;0,83;-0,27;0,36;-0,92
1023,567;-0,39;-3,75;1,27;-0,44;0,21;-0,91
1023,996;-0,48;-4,07;1,37;-0,58;-0,1;-1,17
1024,426;-0,15;-4,71;1,24;-0,85;0,61;-1,51
1024,854;0,42;-3,29;1,6;-0,31;1,68;-0,91
1025,283;0,46;-2,49;1,59;-0,08;1,12;-0,72
1025,712;1;-2,02;1,83;0,18;1,23;-0,23
1026,141;1,21;-1,6;1,69;0,26;2,06;-0,56
1026,57;0,72;-1,5;2,1;-0,27;2,03;-0,71
1026,999;-0,07;-2,26;2,15;-1,07;1,25;-1,31
1027,428;-0,5;-2,56;1,58;-1,31;0,76;-0,67
1027,857;-0,32;-1,44;1,55;-0,78;2,33;0,4
1028,285;-0,51;-1,22;0,99;-0,52;2,82;0,15
1028,714;0,28;0,06;0,56;-0,29;2,49;0,93
1029,143;0,87;1,85;1,24;0,02;2,55;1,88
1029,571;0,72;1,88;1,65;0;2,71;1,74
1030;0,98;1,75;1,51;-0,25;3;1,76
1030,429;0,77;1,29;1,38;-0,77;2,5;2,45
1030,857;-0,08;-0,06;1,36;-1,72;1,72;2,99
1031,286;0,07;-0,87;0,85;-2,37;1,48;2,61
1031,714;1,3;-0,2;1,58;-2,45;2,09;3,17
1032,143;2,54;0,77;2,5;-2,23;3,55;3,87
1032,571;2,45;-0,07;2,74;-1,74;2,65;4,12
1033;2,6;-0,16;3,53;-1,9;2,01;4,34
1033,428;2,36;-0,38;4,08;-2,33;2,02;4,24
1033,856;1,58;-1,38;4,55;-2,36;2,59;3,86
1034,285;1,05;-3,23;4,54;-3,64;1,81;3,26
1034,713;-0,02;-4,68;3,95;-4,68;0,82;2,41
1035,141;-0,39;-4,59;3,39;-4,42;1,23;1,16
1035,569;-1;-4,16;2,9;-4,49;0,43;-0,09
1035,998;-1,19;-3,2;2,32;-4,12;-0,76;0,08
1036,426;-1,04;-2,57;2,01;-3,67;-0,93;1,45
1036,854;-1,43;-3,01;1,52;-3,9;-2,2;1,05
1037,282;-1,85;-3,49;0,19;-5,43;-3,39;0,35
1037,71;-2,67;-3,16;-0,26;-5,71;-2,95;0,86
1038,138;-2,79;-3,15;-0,23;-4,99;-1,63;1,18
1038,566;-2,91;-3,33;-2,12;-5,27;-2,35;0,77
1038,994;-2,82;-3,38;-3,76;-4,96;-3,38;0,26
1039,422;-1,98;-2,41;-3,72;-5,18;-3,84;0,62
1039,85;-2,41;-1,93;-2,78;-5,55;-4,69;0,96
1040,278;-1,4;-1,08;-0,87;-4,25;-3,61;2,03
1040,706;-0,63;-0,38;0,73;-3,2;-2,07;2,83
1041,134;-0,92;-1,19;1,55;-2,65;-1,48;1,17
1041,561;-1,39;-2,25;3,1;-2,19;-1,02;-0,08
1041,989;-1,03;-1,76;4,35;-2,09;-0,39;-0,11
1042,417;0,61;-1,11;5,14;-1,02;-0,3;0,43
1042,845;0,98;-0,43;5,76;-0,67;-0,85;0,13
1043,272;0,96;0,24;6,28;-0,28;-0,98;0,68
1043,7;0,6;1,48;6,25;0,15;0,34;2,1
1044,128;-0,24;2,11;6,29;2,01;2,2;2,83
1044,555;-0,33;2,43;6,2;2,74;3,57;3,46
1044,983;-0,14;2,03;4,88;2,15;3,28;3,13
1045,41;-0,53;0,1;4,21;1,22;2,53;1,97
1045,838;-1,05;-0,76;3,56;-0,04;0,66;1,9
1046,265;-0,26;0,51;3,05;0,23;-0,91;3,05
1046,693;0,54;1,96;3,7;1,36;-0,3;4,8
1047,12;-0,93;0,61;3,1;0,3;-1,11;3,94
1047,548;-2,62;-1,94;1,95;-1,35;-2,29;2,16
1047,975;-2,11;-1,74;2,2;-2,02;-2,27;3,25
1048,402;-1,7;-1,19;3,86;-3,08;-2,73;3,58
1048,83;-1,83;-1,32;3,84;-3,83;-4,08;2,2
1049,257;-1,48;-1,25;2,14;-4,49;-5,56;2,11
1049,684;-0,06;0,21;2,72;-3,6;-4,14;3,54
1050,111;0,73;1,6;2,47;-1,39;-3,92;3,43
1050,538;1,25;2,28;0,37;-1,53;-3,85;2,98
1050,966;-0,39;1,77;-1,17;-3,29;-3,51;2,08
1051,393;-2,54;0,04;-2,16;-4,39;-4,58;-0,33
1051,82;-4,11;-1,22;-3,29;-6,56;-6,36;-2,54
1052,247;-2,95;0,2;-1,98;-5,98;-5,71;-2,1
1052,674;-0,65;1,6;-0,3;-4,37;-3,43;-2,84
1053,101;0,25;0,4;-0,99;-3,04;-3,8;-3,82
1053,528;1,59;-1,34;-0,15;-3,08;-3,85;-1,85
1053,955;1,43;-1,18;1,79;-1,79;-2,76;-1,33
1054,382;-0,44;-1,95;2,25;-2,28;-3,73;-2,89
1054,809;-0,41;-3,74;2,69;-4,72;-4;-4,32
1055,235;0,98;-2,68;4,62;-4,87;-2,81;-3,93
1055,662;1,23;-2,76;4,65;-4,43;-1,67;-4,04
1056,089;0,53;-3,94;2,54;-4,63;-2,96;-5,9
1056,516;1,51;-4,48;1,33;-4,91;-3,54;-5,54
1056,942;3,04;-5,06;0,4;-6,1;-3,07;-3,92
1057,369;0,73;-7,99;-1,28;-8,35;-5,31;-5,84
1057,796;-0,52;-7,33;-2,18;-9,75;-5,73;-6,92
1058,222;-1,88;-6,81;-2,74;-10,02;-5,19;-8,33
1058,649;-2,64;-8,83;-3,92;-11,39;-5,81;-9,82
1059,076;-2,91;-10,43;-4,38;-10,16;-6,09;-8,18
1059,502;-3,98;-10,63;-4,49;-9,52;-6,09;-5,1
1059,929;-5,97;-11,88;-4,7;-8,63;-5,9;-4,04
1060,355;-5,83;-11,5;-3,58;-8,15;-5,27;-3,48
1060,782;-4,51;-10,91;-2,51;-9,29;-4,39;-1,61
1061,208;-1,64;-6,17;0,34;-6,84;-1,57;1,48
1061,634;-1,36;-4,47;2,05;-3,57;-2;2,29
1062,061;-0,37;-4,82;2,62;-2,99;-2,46;2,91
1062,487;1,57;-4,55;4,03;-2,38;-1,36;5,58
1062,913;1,79;-3,34;5,03;-1,33;-0,45;7,19
1063,34;2,24;-2,88;6,97;0,4;-0,56;7,18
1063,766;3,23;-1,45;7,1;-0,83;-2,02;5,14
1064,192;3,39;-0,16;7,28;-0,78;-2,55;3,13
1064,618;3,3;-0,05;7,97;0,83;-3,12;2,67
1065,044;3,18;-0,47;7,58;2,23;-3,42;4,68
1065,47;3,13;0,99;8,94;4,57;-1,77;6,81
1065,896;0,71;-0,26;8,4;5,43;-1,11;6,08
1066,323;-0,09;-1,55;8,17;3,78;-0,43;5,77
1066,749;-2;-2,08;6,84;2,84;-1,21;5,64
1067,175;-3,66;-2,59;4,63;4,89;-1,38;4,69
1067,6;-2,16;-1,57;2,76;5,26;-1,8;3,94
1068,026;-0,31;-0,22;2,36;3,35;-0,84;6,05
1068,452;-0,09;0,55;3,14;2,13;2,08;7,46
1068,878;-3,49;-2,15;-0,33;-2,55;-0,46;4,66
1069,304;-4,14;-3,81;-3,27;-7,1;-2,82;2,71
1069,73;-3,04;-3,18;-4,42;-8,7;-3,72;0,67
1070,156;-1,74;-4,07;-5,27;-8,26;-3,16;-0,9
1070,581;-1,23;-7,15;-7,26;-8,16;-4,77;-3,81
1071,007;-2,07;-6,27;-7,07;-6,78;-5,01;-4,23
1071,433;-4,27;-6,99;-5,62;-6,09;-5,64;-4,09
1071,858;-5,37;-8,9;-4,57;-8,16;-7,69;-6,45
1072,284;-5,92;-10,93;-5,18;-11,96;-11,07;-6,34
1072,71;-8,29;-14,05;-7,81;-15,24;-12,31;-9,98
1073,135;-10,1;-15,48;-8,12;-13,92;-11,92;-11,33
1073,561;-9,44;-11,74;-4,82;-9,96;-8,26;-6,6
1073,986;-10,83;-11,29;-4,73;-10,57;-6,98;-4,58
1074,412;-10,54;-11,14;-5,3;-10,14;-4,96;-5,51
1074,837;-12,92;-10,88;-5,9;-11,18;-7,03;-7,82
1075,262;-14,97;-10,61;-4,52;-13,18;-7,54;-5,54
1075,688;-13,9;-11,01;-6,47;-15,61;-7,15;-4,87
1076,113;-9,21;-8,25;-5,67;-14,79;-5,27;-2,26
1076,539;-8,89;-8,16;-5,4;-15,15;-6,31;-1,9
1076,964;-8,09;-5,06;-3,51;-11,98;-2,6;-1,25
1077,389;-6,61;-0,52;-0,97;-8,02;-1,19;0,94
1077,814;-2,94;-0,53;0,35;-6,53;-2,9;0,81
1078,239;3,42;1,41;1,74;-4,55;-0,07;2,83
1078,665;5,79;2,11;2,51;-2,82;1,73;2,32
1079,09;3,86;0,07;2,53;-4,23;-2,19;1,07
1079,515;3,17;-1,47;0,75;-7,02;-4,62;-0,85
1079,94;4,53;-1,09;0,43;-6,76;-2,53;-2,37
1080,365;5,59;-0,07;1,53;-5,56;-0,35;-3,96
1080,79;7,27;0,84;-0,61;-6,97;-0,07;-5,55
1081,215;9,04;5;-0,05;-7,54;3,45;-3,57
1081,64;9,1;4,46;1,39;-5,47;3,95;-4,3
1082,065;9,07;2,13;-0,72;-6,33;2,64;-6,08
1082,49;4,68;0,46;-4,17;-12,12;1,14;-8,13
1082,915;0,19;-1,66;-7,17;-15,48;-2,45;-14,11
1083,339;-0,94;0,32;-7,61;-14,77;-1,47;-17,02
1083,764;1,09;1,78;-6,15;-16,15;4,94;-15,56
1084,189;6,35;5,68;-2,3;-14,97;11,52;-9,58
1084,614;7,34;7,15;-3,32;-15,98;11,92;-8,8
1085,038;4,53;5,89;-5,29;-15,78;9,4;-10,2
1085,463;1,5;6,35;-5,84;-13,27;9,52;-9,67
1085,888;-0,99;4,88;-8,19;-12,76;7,61;-11,02
1086,312;-4,36;1,7;-12,98;-19,28;1,34;-15,85
1086,737;-4,16;-0,09;-13,74;-21,33;-3,47;-13,83
1087,161;-3,53;-0,46;-14,15;-17,2;-3,39;-10,86
1087,586;-5,98;-5,27;-15,31;-17,31;-8,56;-11,35
1088,01;-7,31;-10,37;-14,11;-17,54;-16,8;-9,34
1088,435;-5,37;-14,69;-11,34;-13,8;-22,18;-6,29
1088,859;-6,38;-16,86;-10,08;-9,93;-23,98;-5,86
1089,284;-8,19;-18,66;-8,29;-10,18;-27,78;-4,14
1089,708;-7,4;-20,08;-5,55;-12,83;-29,28;-2,45
1090,132;-8,15;-19,43;-5,56;-14,85;-27,9;-3,31
1090,557;-9,63;-21,49;-5,49;-18,16;-28,9;-6,39
1090,981;-7,34;-19,52;-1,89;-14,24;-25,6;-2,84
1091,405;-4,82;-14,4;0,36;-11,94;-20,54;-1,09
1091,829;-5,56;-12,5;1,77;-13,65;-23,27;-2,69
1092,254;-1,33;-8,44;4,63;-9,98;-18,68;-0,92
1092,678;2,76;-5,87;4,45;-9,2;-13,37;-0,83
1093,102;2,04;-3,41;2,21;-8,83;-11,8;-3,56
1093,526;0,86;-6,3;0,02;-9,97;-15,63;-10,21
1093,95;2,25;-9,69;-0,35;-9,7;-16,53;-11,05
1094,374;2,57;-10,03;0,12;-7,6;-13,13;-8,13
1094,798;0,7;-16,6;2,87;-9,21;-14,33;-9,27
1095,222;4,53;-16,98;5,53;-6,16;-10,56;-6,4
1095,646;6,39;-18,05;9,1;-5,8;-4,21;-5,96
1096,07;-0,06;-23,2;10,05;-8,12;-3,06;-12,58
1096,494;-2,06;-25,01;8,2;-8,66;-2,19;-15,76
1096,918;-1,53;-24,87;8,64;-8,43;-0,69;-15,54
1097,341;-3,59;-28,14;6,68;-11,1;-1,22;-17,32
1097,765;-8,02;-32,15;5,33;-19;-5,52;-18,75
1098,189;-11,23;-33,07;3,86;-23,83;-7,24;-14,65
1098,613;-10,63;-25,56;2,8;-23,1;-2,98;-11,67
1099,036;-16,11;-29,24;-2,3;-27,13;-7,08;-16,33
1099,46;-12,96;-28,27;-4,81;-26,02;-8,28;-15,34
1099,884;-10,9;-22,52;-7,62;-27,63;-8,08;-12,61
1100,307;-12,41;-21,93;-10,19;-29,07;-8,52;-12,21
1100,731;-9,97;-21,55;-9,21;-28,71;-9,57;-9,98
1101,154;-3,34;-15,49;-4,66;-26,63;-7,1;-2,59
1101,578;-4,61;-11,51;-2,63;-28,12;-4,77;3,02
1102,001;-8,93;-10,51;1,36;-27,68;-3,1;3,35
1102,425;-7,72;-6,66;1,12;-23,71;-1,86;2,76
1102,848;-9,05;-4,43;1,51;-20,8;1,58;2,64
1103,272;-12,02;-3,78;0,62;-20,95;5,67;-1,39
1103,695;-10,45;4,13;2,74;-22,64;7,07;-1,97
1104,118;-13,31;5,78;4,36;-24,31;5,89;-2,98
1104,542;-20,65;-0,79;2,79;-28,96;-0,01;-10,71
1104,965;-23,49;-4,01;-2,73;-36,7;-10,53;-15,61
1105,388;-17,74;-4,28;-6,2;-34,54;-11,56;-13,6
1105,811;-17,14;-6,88;-9,77;-32,74;-8,28;-10,79
1106,234;-24,17;-19,42;-16,41;-40,02;-13,34;-20,95
1106,658;-23,68;-21,33;-18,5;-39,86;-21,6;-25,69
1107,081;-21,47;-20,45;-19,21;-37,96;-20,45;-21,48
1107,504;-15,75;-19,81;-17,71;-38,85;-13,99;-17,84
1107,927;-18,82;-28,04;-16,38;-41,58;-22,71;-23,9
1108,35;-17,15;-33,28;-14,23;-36,78;-29,79;-22,61
1108,773;-11,38;-30,02;-9,46;-28,79;-27,41;-17,45
1109,196;-8,85;-31,7;-6,44;-18,89;-21,59;-11,57
1109,619;-10,26;-27,17;-7,59;-14,6;-18,61;-9,73
1110,042;-14,73;-25,29;-5,58;-15,83;-16,42;-11,2
1110,464;-17,81;-25,39;1,92;-13,49;-17,4;-17,2
1110,887;-12,94;-17,77;5,9;-7,15;-16,21;-12,56
1111,31;-11,61;-14,3;5,48;-6,61;-8,71;-5,01
1111,733;-13,5;-15,43;10,5;-4,82;-5,25;-8,14
1112,156;-17,22;-12,83;14,69;1,2;-14,19;-11,22
1112,578;-9,9;-5,65;15,93;6,21;-12,84;0,75
