"","Name","code","individual","day","experiment","treatment","planed_treatment","B1","B2","B3","S1U","S1V","S1B","S1G","S1Y","S1R","S2","S3","S4","S5","S6","S7","S8","S9","S10","H1","H2","H3","H4","H5"
"X1.1","X1.1","habit1.1",1,1,"habituation","natural","light",1857.4066626446,4.63193681457507,7.17198781939895,0.170502245426943,0.19842943440436,0.240824300100993,0.262475694162794,0.216040578072042,0.333464728295573,2.80442560227911,0.188120490358324,0.0132425366770699,309.20588650695,4.61460572533648,-0.142554717122701,0.996258349383339,0.410439050845779,0.013192987731546,700,369,518,0.658124928607614,343
"X2.1","X2.1","habit2.1",2,1,"habituation","natural","dark",1422.72782837444,3.54794969669436,4.26439056052228,0.273346485948907,0.311988858819194,0.281084194041445,0.232257718701198,0.18009754904065,0.220633132848306,1.35807293675847,0.144140689494852,0.0281055667914498,54.7200948270082,1.12435997372568,-0.39955388934791,0.316904147421609,-0.230151549338188,0.00890677068184548,300,469,411,-2.27155931594163,507
"X3.1","X3.1","habit3.1",3,1,"habituation","natural","light",3167.08092101321,7.8979574090105,9.11528714822434,0.222808865489903,0.255398732375823,0.26187829069909,0.257316278956595,0.208986174514034,0.265467106195113,1.61673490994664,0.27563124105479,0.0495894828419807,192.797368580985,3.4772031975752,-0.729155635834375,0.440266136863208,0.124430590488273,0.0218325700398832,599,618,360,0.809205514087341,300
"X4.1","X4.1","habit4.1",4,1,"habituation","natural","light",1057.15977314986,2.6363086612216,3.11200576992657,0.228645577794921,0.258480554230795,0.253017735274959,0.256470452644535,0.202562909868709,0.269098178167453,1.48959397684325,0.146176736447764,0.0150355700628602,71.3755450589991,1.02284199892265,-0.270035156511583,0.387982641777875,0.262443576976704,0.00583354019362481,700,381,465,0.62803409478442,456
"X5.1","X5.1","habit5.1",5,1,"habituation","natural","light",1463.18605233807,3.64884302328695,4.65372741107524,0.190971898518854,0.224375461416096,0.266572036200676,0.257774843025962,0.211456516599397,0.292217092084633,2.35824727577897,0.15972015654611,0.01955172894922,146.928497873375,2.6803434242166,-0.57660078531637,0.734573509222134,0.206883444326611,0.0143621821455885,700,480,410,0.870401968944667,406
"X6.1","X6.1","habit6.1",6,1,"habituation","natural","light",1350.67257090858,3.36826077533312,4.91578962644291,0.150822708101275,0.177431901680987,0.24739481859746,0.281219996663769,0.225874195717429,0.327957517643544,3.65103452430104,0.181074876762608,0.0179077630061801,251.598772712832,3.56937956274076,-0.512529879134853,1.05970998115125,0.353581770901442,0.0189770351977402,700,568,447,0.860837363155967,343
"X7.1","X7.1","habit7.1",7,1,"habituation","natural","dark",2065.69695797631,5.15136398497833,6.09537060816565,0.241143815473912,0.27495894363887,0.253163974294167,0.243555594477037,0.20804240528129,0.269481592960286,1.39623439693837,0.146148794824246,0.0359871944596897,111.574059028848,1.72979229156535,-0.743381716355814,0.33579306308184,0.21134569380801,0.012084250259341,700,618,351,0.187438710275657,300
"X8.1","X8.1","habit8.1",8,1,"habituation","natural","natural",1417.0768927144,3.53385758781646,5.24510985658249,0.172980733469598,0.200505195650339,0.239890645109447,0.265421338725454,0.213833250558291,0.328902690495534,2.5304802235658,0.183187376640738,0.0161394240760999,231.771315720897,3.17233734181002,-0.175224388404323,0.897698128172216,0.382088472398996,0.0144883307828925,700,469,511,0.676943856196434,506
"X9.1","X9.1","habit9.1",9,1,"habituation","natural","light",826.453083256783,2.06098025749821,2.93191587594474,0.190494990302037,0.217488316013991,0.234901636994268,0.267259809110558,0.212657762237577,0.31439641489807,2.11013745992492,0.173888640577937,0.0149654536916102,121.425938119503,1.54247280333607,0.261602614044983,0.74841706887986,0.397980675037964,0.0112004009863322,700,568,584,0.6379350743372,506
"X10.1","X10.1","habit10.1",10,1,"habituation","natural","natural",1416.1712287585,3.53159907421073,4.89473494287776,0.214549029050843,0.247236582264937,0.24205290400505,0.248299053270776,0.216040404233595,0.302505746310594,1.72817162192152,0.167954871058726,0.0146760351683799,149.355887546855,2.06241500382252,0.203387605318038,0.583988997755484,0.371220631469253,0.00857064306900641,700,618,572,0.391875545677009,569
"X11.1","X11.1","habit11.1",11,1,"habituation","natural","natural",1072.59253593084,2.67479435394224,3.32704563976763,0.209293807079951,0.244983917468902,0.277000442582121,0.246284446597062,0.194099443326245,0.274822820974155,1.68407561172054,0.151672588945862,0.0254482947377799,64.3153506504383,1.35145403532147,0.33360684746589,0.505255304330081,0.205465045506891,0.0128578859024186,700,481,581,0.947390259862366,456
"X12.1","X12.1","habit12.1",12,1,"habituation","natural","light",2007.13401800721,5.00532174066635,7.14813376293374,0.147584653326194,0.174396968546886,0.24598400828191,0.284756876109314,0.235901523548317,0.329346589749539,4.91627334188263,0.179588607936478,0.0276124222013898,387.362767446874,5.69415973304458,-0.561113926936395,1.13762112169167,0.349074947825338,0.0314124747173692,700,369,438,0.862842570622609,342
"X13.1","X13.1","habit13.1",13,1,"habituation","natural","dark",1642.31540877854,4.09554964782678,6.17230230091852,0.196705264987447,0.228398606686616,0.259974564866538,0.238459761086854,0.198104432577345,0.31204285366914,2.58706571933535,0.177975566848265,0.0260282595284798,169.025044002266,3.78647102698232,0.319980297822749,0.924533054798037,0.321920661389888,0.0240639862929415,700,469,594,0.525704134031446,331
"X14.1","X14.1","habit14.1",14,1,"habituation","natural","dark",1683.63816394783,4.19859891258809,5.46506999720788,0.205320604464363,0.239503810476814,0.265235348786416,0.251890206108283,0.19957603795159,0.284964266732483,2.09921659023258,0.157878696016479,0.0156616729916905,137.907749428893,2.86168451395844,-0.125070958584579,0.681580825779437,0.240680997642211,0.0106746960107639,700,469,498,0.789102791369335,300
"X15.1","X15.1","habit15.1",15,1,"habituation","natural","dark",1822.42287836635,4.5446954572727,6.54367787700045,0.156329515408952,0.182649232691506,0.244176286320721,0.284571832252876,0.230544672132969,0.322468979718426,3.30548527433542,0.177749614289851,0.0162233643995999,334.192483570867,4.56403575673232,-0.454366690342079,1.00425557655985,0.37890495930659,0.0162924041688607,700,369,459,0.857342863477387,506
"X16.1","X16.1","habit16.1",16,1,"habituation","natural","natural",2556.6867930624,6.37577753880897,8.67579194364321,0.179059488611647,0.208381331901824,0.250635913430408,0.268071098201815,0.225528957104734,0.30974177067137,2.9573463344098,0.169383237969943,0.0299027757379999,354.517960792727,5.74215111750891,-0.272647617928344,0.900619741287519,0.277232676459226,0.0269310301489362,700,469,483,0.77842753784343,330
"X17.1","X17.1","habit17.1",17,1,"habituation","natural","light",3160.46590278775,7.88146110420885,11.4473795074096,0.159397332393738,0.186804193022275,0.246053100176915,0.277422928260903,0.231063794761668,0.324571064251455,2.56291091140383,0.179063988368498,0.0523966361434498,547.176993321693,6.98082569296611,-0.195136830712451,0.885727354441705,0.372217791818415,0.0464091339129824,700,481,510,0.817137835838192,507
"X18.1","X18.1","habit18.1",18,1,"habituation","natural","dark",2766.80330695002,6.89975887019956,9.54093718764181,0.195152952924668,0.224663690908915,0.241848609853829,0.262334921863956,0.216977542782172,0.307986473645374,1.88757111797202,0.170420658834531,0.02206002099157,358.371369645588,4.48632647824906,-0.0353631352651735,0.650214965862901,0.347287892112406,0.0143437557959686,700,300,529,0.630286210822513,506
"X19.1","X19.1","habit19.1",19,1,"habituation","natural","dark",1562.83025380962,3.89733230376464,5.20255464669535,0.193616749462232,0.220695873778239,0.244775323809797,0.267504522114859,0.212070194832606,0.301275904655679,1.92031170973122,0.165483984974603,0.0291771418766302,200.362215419228,2.49333060752957,-0.155178533775772,0.63975314733135,0.323719733651127,0.0186661683457075,700,300,505,0.727493117147807,506
"X20.1","X20.1","habit20.1",20,1,"habituation","natural","natural",2183.02516090421,5.44395301971125,6.84475729726998,0.214923358935117,0.246542042320593,0.253441886702937,0.253018112181252,0.204209088404207,0.285866595401228,1.55749560214411,0.157175862840843,0.0325234454326999,185.499580549438,2.45003715305435,-0.00957347739380553,0.450047446071513,0.244265954403247,0.0146370935544328,700,357,522,0.605509471683604,507
"X21.1","X21.1","habit21.1",21,1,"habituation","natural","natural",2080.23349027058,5.18761468895407,7.86672181183344,0.172951118717091,0.200122349722692,0.239463407264311,0.264401948780175,0.217250041784726,0.330334153371616,2.48712449014166,0.18539422716098,0.0286600661358403,340.061875075881,4.70374310167431,-0.134952042496314,0.906725611616826,0.416021972612493,0.0259868159959985,700,481,519,0.660469913607508,507
"X22.1","X22.1","habit22.1",22,1,"habituation","natural","dark",1311.88684291797,3.27153826164082,4.82751146491942,0.165448793893554,0.191639107422517,0.232037292486984,0.277836395018667,0.229186666545719,0.332059670474813,2.3028481688697,0.183467174295522,0.00786674016802991,244.244329476866,2.73118938421147,-0.190086812000887,0.83483339205749,0.431782676929082,0.00656741737891131,700,368,514,0.71546376667552,444
"X1.2","X1.2","habit1.2",1,2,"habituation","natural","light",1410.02851183197,3.51628057813459,5.60198927528416,0.190637875096823,0.217508124318227,0.221144272324896,0.258401411964801,0.22553931282362,0.336970682063984,2.37265273011878,0.190204859728169,0.01829636133894,240.459088022712,3.24092345044948,0.129747153411404,0.921690797544038,0.503770708843956,0.0168635878746415,700,380,572,0.448810446941698,569
"X2.2","X2.2","habit2.2",2,2,"habituation","natural","dark",885.502697304788,2.20823615287977,2.69912659310259,0.212696931791699,0.243704971232722,0.249475909134789,0.265739633297984,0.221396792800288,0.279704954638163,1.59662099768382,0.291175947221373,0.01016393780557,83.4166148456709,1.008602293962,-0.112316254295141,0.456745666737988,0.245209685277013,0.00464233454968851,594,618,504,0.728391269181849,332
"X3.2","X3.2","habit3.2",3,2,"habituation","natural","light",1572.9613841573,3.92259696797332,5.07884689557297,0.205290503777788,0.234855439140196,0.238930341569725,0.267962791134223,0.230196542996091,0.295329370703212,1.84392304080774,0.301587801099608,0.0298315408791101,186.71799005823,2.32447657578557,-0.0257360121337025,0.592586134839785,0.34533246522688,0.0176777575058669,594,618,529,0.630596434762729,568
"X4.2","X4.2","habit4.2",4,2,"habituation","natural","light",1311.96256169226,3.27172708651437,4.57422447949294,0.191850460881,0.218169175424214,0.229366227312187,0.27426209796828,0.233090326585093,0.311898573153938,2.03440754025023,0.170474059037888,0.0151256655407401,199.422810949418,2.32579372557904,-0.0879691660678808,0.71087644662223,0.408967317987208,0.0107524793723977,700,357,525,0.634285505531043,300
"X5.2","X5.2","habit5.2",5,2,"habituation","natural","light",1678.19243939361,4.18501855210377,6.85642260651825,0.130572741774844,0.153340409387944,0.209014612367232,0.298711058019889,0.26232711093887,0.369235854341596,5.68210098854914,0.203645799616007,0.0191633423150499,446.076863866513,5.64975228856092,-0.330944393691162,1.34999456232299,0.55192634274518,0.0258704079212514,700,369,509,0.708391081750972,518
"X6.2","X6.2","habit6.2",6,2,"habituation","natural","light",1791.50509304781,4.46759374824889,6.9454875167865,0.159083204110288,0.183687920795497,0.214804368415058,0.280659282161979,0.249110912470246,0.35283984164878,3.21898717193822,0.193947599047111,0.0184766014307001,390.491851301803,4.78782513859054,-0.166033916194005,1.07167871753495,0.500839527984716,0.0198009805256571,700,357,529,0.61760318525688,568
"X7.2","X7.2","habit7.2",7,2,"habituation","natural","dark",2030.77114825762,5.06426720263746,7.44208485522323,0.21998450064426,0.246661175338253,0.21416771975551,0.256412103587892,0.226376215214552,0.316518860718335,2.09676888613509,0.176510673889538,0.0436546176988797,295.455430315884,3.89277386323259,0.115783015546282,0.768674658636741,0.481403393037333,0.0335561983576038,700,356,563,0.290002412985088,300
"X8.2","X8.2","habit8.2",8,2,"habituation","natural","natural",1905.39184733515,4.75160061679589,8.21602370980933,0.132653903715129,0.152611722012712,0.196317005328713,0.284313316606693,0.249304494258135,0.393911761734481,3.7188834263841,0.288251694510509,0.0166105364696101,543.375829101852,6.00675206350827,-0.259495307700817,1.26415339754686,0.60375909883045,0.0209982661131336,683,357,527,0.584308813815537,618
"X9.2","X9.2","habit9.2",9,2,"habituation","natural","light",1232.69163342571,3.07404397363021,4.17984525517405,0.204152369386068,0.232554285768694,0.234659002785923,0.266540054983236,0.227981499909605,0.302039721820149,1.80725590879694,0.165261565921083,0.01662579446492,156.733401752783,1.8670320919533,0.0773003420528299,0.607353735980711,0.383078538538484,0.0100977383819166,700,618,551,0.580411779328687,568
"X10.2","X10.2","habit10.2",10,2,"habituation","natural","natural",1343.59172217016,3.35060279842934,5.34925576761027,0.153378581932755,0.176794455070015,0.21895361565987,0.284084966567036,0.248965441655905,0.351028770455477,3.35966585651188,0.193984240105904,0.0156705863079298,296.848111701208,3.75705702045151,-0.185661150070044,1.12130779041094,0.499210271776109,0.0175715505073887,700,368,525,0.668861111665208,569
"X11.2","X11.2","habit11.2",11,2,"habituation","natural","natural",722.169820125658,1.80092224470239,3.14538939904226,0.12925712079542,0.152467451943679,0.212311768634268,0.29017979906971,0.258850331988773,0.375803333938175,3.65338562138522,0.209955152159037,0.00540865327101026,190.118301285983,2.28443746978776,-0.123710296780246,1.26848201054081,0.587002084837094,0.00686077937552922,700,618,548,0.679779920442127,568
"X12.2","X12.2","habit12.2",12,2,"habituation","natural","light",1292.1222042236,3.22224988584439,4.58530744482239,0.169557438640203,0.196028359524519,0.22447679555771,0.290077791556832,0.252936750882154,0.323528138430951,2.89814695731628,0.33419666406481,0.0277420804977995,242.836617332205,3.00315598309374,-0.217748752439733,0.932005924272618,0.404434185967668,0.025855783375597,600,619,510,0.732095069130446,300
"X13.2","X13.2","habit13.2",13,2,"habituation","natural","dark",1403.76708365897,3.50066604403734,5.55831551388614,0.159697489913817,0.183543929359371,0.210595254896128,0.282111069241994,0.250226452224743,0.355014140936515,2.99871217563944,0.196367565460069,0.0141144588188604,314.552594034896,3.70474798611869,-0.135258832127033,1.05829803229273,0.527369409213118,0.0149373039948767,700,618,536,0.603102460306071,568
"X14.2","X14.2","habit14.2",14,2,"habituation","natural","dark",893.541621763069,2.22828334604257,3.15919811352487,0.203035863243529,0.23297045507447,0.240154622142526,0.257794959413554,0.222140291533431,0.30635121301045,1.95358221775021,0.170591185918347,0.0118252255203402,108.145748855718,1.54206724244074,0.140595946899063,0.692042708652584,0.401091703543373,0.00818356109952386,700,618,563,0.534019810969621,568
"X15.2","X15.2","habit15.2",15,2,"habituation","natural","dark",1413.42141206466,3.52474167597172,7.01369876780816,0.112519967048392,0.129867456125946,0.174112592716136,0.298843133009519,0.278341447335712,0.421831994288495,6.59236383840283,0.238410079949089,0.0145287118196302,485.084167099878,5.9497861956666,-0.233469676344261,1.6880063115622,0.690567599191035,0.0245245572504042,700,618,549,0.574221627116571,569
"X16.2","X16.2","habit16.2",16,2,"habituation","natural","natural",1636.3104488211,4.0805746853394,5.68065911424792,0.186132430305914,0.212948319254863,0.226737245213029,0.275068556263508,0.237949201505247,0.31947066930553,2.03694836811483,0.17355274096753,0.0151235674784798,267.175425579233,2.89185052038783,-0.0707870876694232,0.708687070666199,0.411065268211445,0.0107178767343464,700,357,532,0.625105793225554,568
"X17.2","X17.2","habit17.2",17,2,"habituation","natural","light",3638.70253614209,9.0740711624491,14.3305271950129,0.129731428902142,0.15334445896045,0.211444368787702,0.302068616236014,0.266044438577112,0.364345131514136,4.10053093106049,0.198130466371498,0.0222739532022995,953.658653601474,10.8357292198378,-0.298987819001216,1.1941419706602,0.510448032996241,0.026598262371387,700,619,515,0.737362822837247,518
"X18.2","X18.2","habit18.2",18,2,"habituation","natural","dark",837.432793682398,2.08836108150224,4.41161372704842,0.104288353947792,0.124251178228901,0.177356266969089,0.291973086478994,0.272852397530975,0.433733257785735,6.34953534285744,0.248965963069404,0.00480633637052019,294.158483864016,3.71682056678811,-0.183860134323507,1.7797786980949,0.713120673548739,0.0085542150881306,700,418,560,0.566475604567922,568
"X19.2","X19.2","habit19.2",19,2,"habituation","natural","dark",933.004919477599,2.32669555979451,3.97804510027085,0.131684406852025,0.153531410761482,0.202614247525359,0.298844522465651,0.266237214671217,0.374352964667463,6.40667401919808,0.207038291610418,0.01956291375526,254.851788822353,3.35712306048073,-0.307511051973696,1.4428716496013,0.582121329602478,0.02822677364106,700,369,516,0.675188791475654,569
"X20.2","X20.2","habit20.2",20,2,"habituation","natural","natural",1575.99888799937,3.93017179052212,6.2628902638523,0.147425917542418,0.170294435001467,0.2169940763364,0.288502846380171,0.25287816297362,0.35439500921629,3.55131093166126,0.195572225122501,0.0196184523653398,362.771410982367,4.49934705843587,-0.217713382697643,1.14482198190073,0.498322692327333,0.0224596355187133,700,368,522,0.687901766021944,519
"X21.2","X21.2","habit21.2",21,2,"habituation","natural","natural",2096.24528106721,5.22754434181349,9.16005648560683,0.159019018455331,0.181640519433025,0.195822393934533,0.27392109827298,0.246821687160481,0.37839238468499,3.24264974314765,0.213242392675048,0.0258927542293503,525.258474718086,6.33518879677802,-0.0422562959839356,1.21188619025282,0.601048244187927,0.0313790712781599,700,357,560,0.491874664513794,569
"X22.2","X22.2","habit22.2",22,2,"habituation","natural","dark",2010.44372468834,5.01357537328762,8.30990212029386,0.150354597144102,0.173132019161761,0.200811593240147,0.283577821259788,0.255000380377103,0.372591462370198,3.65207483905356,0.206675554866858,0.0244304600965402,506.361538051245,6.03451005235711,-0.175666741417123,1.20363405415406,0.570935163931852,0.0294053337308475,700,357,536,0.573954786974278,569
"X1.3","X1.3","habit1.3",1,3,"habituation","natural","light",1928.06800567381,4.80814964008432,7.29286023501433,0.169600285454303,0.196458900147305,0.225148091686696,0.273754627309139,0.244205229946641,0.338946738047465,2.5154229688905,0.18700818169825,0.0274173613295501,362.591301277192,4.39360220755382,-0.0207112948169945,0.913782335500849,0.453023991973781,0.0250535004689869,700,618,550,0.618248701841982,568
"X2.3","X2.3","habit2.3",2,3,"habituation","natural","dark",1751.35765386744,4.36747544605346,5.79636725175841,0.181596873774802,0.21023181501001,0.235499095871624,0.279975253799005,0.240328639684797,0.31056160013935,2.05197754784183,0.320715978643138,0.0172692695494998,274.122843038689,2.97159596814727,-0.162229622312707,0.680392140689071,0.363461814204137,0.0117498752769208,602,619,512,0.740765546338954,568
"X3.3","X3.3","habit3.3",3,3,"habituation","natural","light",4584.15584562998,11.4318100888528,15.1087823901012,0.209982082011798,0.239698811441978,0.237390819473831,0.270541689839091,0.232859029556609,0.289666764308701,1.73273956222871,0.30261039994309,0.115446144797399,522.652991407375,6.38919017933196,0.0778469572006695,0.558895759260563,0.313540700093546,0.0645223607502474,593,618,548,0.633413706109013,568
"X4.3","X4.3","habit4.3",4,3,"habituation","natural","light",2771.41256111316,6.91125326960888,10.0573912769319,0.173274860258757,0.200147797325313,0.228310271191841,0.277248599006129,0.241615443405076,0.328629750295904,2.72217008639962,0.179641942302919,0.0323117776808104,493.702771921782,6.36276862011109,-0.149439482859213,0.920638901787949,0.423629323682408,0.0297474795188776,700,618,521,0.664953663876601,300
"X5.3","X5.3","habit5.3",5,3,"habituation","natural","light",1831.27009248285,4.5667583353687,7.49757988798288,0.16128395594072,0.187249955197937,0.209412408557924,0.275585403170102,0.247413135571127,0.361073539004876,3.32203394656974,0.200708166433356,0.01386910854557,409.204651258912,5.24065536265564,-0.0885132426115835,1.14756572995504,0.522368601367571,0.0159157136719227,700,468,546,0.554514506235948,568
"X6.3","X6.3","habit6.3",6,3,"habituation","natural","light",2006.58067767099,5.00394183957852,8.15897223477919,0.149623510057523,0.175512150330347,0.21723920433102,0.2822555530529,0.253178875890374,0.358355222665627,4.3914113597055,0.198411205248925,0.0226791937996498,454.902217732971,6.3010337347234,-0.186102424285399,1.25921402300993,0.518825946166505,0.028557958863079,700,357,528,0.646619046921872,568
"X7.3","X7.3","habit7.3",7,3,"habituation","natural","dark",1694.97439069281,4.22686880472023,6.58899177302458,0.172182346799052,0.199652519422736,0.227693851533189,0.269272398920411,0.23925440098722,0.338243878704821,3.4606976149487,0.188229441279448,0.0251693416297698,306.383358913225,4.68504277020994,-0.0727112220772598,1.1083955965177,0.453714401278297,0.0278975874296865,700,618,538,0.59872450233974,300
"X8.3","X8.3","habit8.3",8,3,"habituation","natural","natural",1827.81862919569,4.55815119500172,7.28589964218303,0.160243308789629,0.186287388373712,0.220990629675757,0.274950750347235,0.239502690045783,0.351138879793057,2.99588104387718,0.196027380929546,0.0106004916732201,379.657226363031,4.85392736575585,-0.122785329758744,1.06488950412142,0.495518307960253,0.0112883523213386,700,368,534,0.617959711573689,518
"X9.3","X9.3","habit9.3",9,3,"habituation","natural","light",1098.67461500231,2.73983694514291,4.14726484015746,0.21053012922207,0.238498068652636,0.223239434616689,0.253553208651192,0.221222872865304,0.319801853946713,2.0702529627863,0.179963220320353,0.0149397683330101,156.817225335802,2.14400006299913,0.165720623890995,0.782528342352614,0.462150891149975,0.0116907921487625,700,369,572,0.353795246182222,568
"X10.3","X10.3","habit10.3",10,3,"habituation","natural","natural",1852.7305897975,4.62027578503117,7.00937373666728,0.187748924282025,0.216085301682514,0.225515906599523,0.264249414569904,0.23349636331581,0.329882463483155,2.29114861978478,0.183521052308613,0.0205964983554106,304.600601530438,3.95004634247768,0.0708308169842607,0.854937351418522,0.450762805730184,0.0176087157524706,700,618,561,0.520198148626136,569
"X11.3","X11.3","habit11.3",11,3,"habituation","natural","natural",1658.28608745823,4.13537677670381,7.0969081589867,0.177883308529165,0.204554903073763,0.21317279546737,0.258036549106192,0.230755101392036,0.358043973534643,2.6144914523869,0.204367100091753,0.00830172545607022,332.857366510732,4.38245745672582,0.105610724148331,1.05974804555027,0.545678833889156,0.0087977373267653,700,380,576,0.435993174370088,569
"X12.3","X12.3","habit12.3",12,3,"habituation","natural","light",2613.63886544758,6.5178026569765,10.6597689148317,0.163962450459369,0.189349314565498,0.214199308204185,0.272163981855128,0.240767341166559,0.356950306498706,3.04807825866069,0.199317358706037,0.0210363081543896,558.824403086938,7.1625591943977,-0.0436620358352916,1.09892237788621,0.523776315529787,0.023117269778969,700,357,551,0.55775466892315,568
"X13.3","X13.3","habit13.3",13,3,"habituation","natural","dark",1306.26896110173,3.25752858130108,6.36606513476431,0.119641935751448,0.140128972566398,0.192180476553839,0.286279378950781,0.261228444587155,0.4092033269585,5.89526547439752,0.232829570603708,0.00441756252548009,402.446079166696,5.28620449703537,-0.161283431746295,1.62276534652047,0.657460649056755,0.00716866738243652,700,368,553,0.583045383261535,569
"X14.3","X14.3","habit14.3",14,3,"habituation","natural","dark",1312.77400472965,3.27375063523605,5.51688039426032,0.166539490068416,0.194376157308337,0.22053850263551,0.266632607060087,0.236719522505083,0.353679006221148,3.18525476787285,0.200407881181458,0.0081839897744902,263.983376323665,3.784874386482,0.0270158514698224,1.15612788150222,0.515283943808953,0.00946173876021719,700,357,562,0.549019930149093,569
"X15.3","X15.3","habit15.3",15,3,"habituation","natural","dark",2152.07460113917,5.36676957890067,9.14886165870237,0.148184059289108,0.1728822778513,0.204363395013001,0.281754137536696,0.253712383338319,0.373106444019183,3.29394199719268,0.208262782592872,0.01412399753143,536.065605764474,6.37138055354033,-0.104817746317112,1.18719100193704,0.560103372211455,0.0167678827806947,700,300,549,0.582458681672516,568
"X16.3","X16.3","habit16.3",16,3,"habituation","natural","natural",1810.74067189584,4.51556277280758,8.56061672567763,0.131436410049395,0.151995765482438,0.184622561186911,0.284270379284296,0.263867307872198,0.406847851878252,5.91316992951364,0.229480352802251,0.0265068422469801,548.735545937002,7.11289632735961,-0.171461952217925,1.57519598004328,0.644870210135368,0.0417534713510845,700,368,551,0.532684721896186,568
"X17.3","X17.3","habit17.3",17,3,"habituation","natural","light",3811.25262835372,9.50437064427362,13.8252447154791,0.162166819736683,0.188280287560299,0.226549557330325,0.289932743373207,0.255783694364276,0.328972655525616,2.55783421013922,0.33342659998916,0.0971539555241012,744.113723241533,8.42018575556839,-0.160291500172102,0.88592775584163,0.433238743893116,0.0860713857886045,593,618,524,0.746236175419858,568
"X18.3","X18.3","habit18.3",18,3,"habituation","natural","dark",1839.28009713997,4.58673340932662,8.50376811045201,0.136897968619653,0.158983608649205,0.205644903237388,0.277701172901839,0.248989246643219,0.386983441151562,4.06381196525103,0.220523271107001,0.01185982661121,485.936669188685,6.41120866548598,-0.0563815685864934,1.39777224733609,0.610933697422056,0.0165773364953673,700,369,561,0.581111447161246,569
"X19.3","X19.3","habit19.3",19,3,"habituation","natural","dark",2229.93152411039,5.56092649404088,9.26849301685656,0.168686555840677,0.19499193695359,0.212218818177241,0.266086901172919,0.238369089436264,0.360222888921031,2.99293382488404,0.20295742817287,0.00788975831408001,471.043262831663,6.17170118678138,0.00776467828065454,1.10983326130907,0.532923823759177,0.00875631620065573,700,381,561,0.499566888201874,568
"X20.3","X20.3","habit20.3",20,3,"habituation","natural","natural",1469.40372984098,3.66434845346878,6.30391320443211,0.14438866389972,0.167445928069367,0.203315586947,0.288886026855111,0.26143350224588,0.370812798372197,3.54580369788002,0.207228315405423,0.02235988823805,374.511727327279,4.52606148404468,-0.119163724317181,1.23516132308874,0.58506826632596,0.0276180691402262,700,618,548,0.617668640857066,568
"X21.3","X21.3","habit21.3",21,3,"habituation","natural","natural",2321.96665881331,5.79044054566909,8.46205039610809,0.194736962465808,0.223775297121175,0.225388334233981,0.263806221613248,0.235273925898574,0.32343039220165,2.0211011996876,0.178297286678866,0.0423365112654901,358.293479222717,4.27519899182608,0.0799757630800303,0.738320160289648,0.433784444624525,0.0312578997836411,700,618,561,0.494941070987786,568
"X22.3","X22.3","habit22.3",22,3,"habituation","natural","dark",1695.65712959235,4.22857139549215,7.13845557098641,0.123994384014782,0.145266875346996,0.207841929503094,0.301745989842752,0.271545382722468,0.373990377992357,5.18015207913293,0.205420657972984,0.0330391102883301,468.405525996783,5.76041580266724,-0.297349210414587,1.3622605045307,0.56460141597995,0.0450078750506261,700,618,519,0.71545211808222,568
"X1.4","X1.4","habit1.4",1,4,"habituation","natural","light",2057.35619217306,5.13056407025701,8.97682959432511,0.16486807523758,0.188371625459417,0.201161581670609,0.267033602274423,0.237214613862786,0.374048860155805,2.85506854467895,0.211887601604492,0.0147412339436599,486.904365778274,5.83265653723497,0.0542954368099617,1.13684508318455,0.591182048581261,0.0167584993289229,700,357,573,0.470077158418582,518
"X2.4","X2.4","habit2.4",2,4,"habituation","natural","dark",1405.82929860731,3.50580872470652,4.88621218758675,0.15309577321312,0.178069748504571,0.23257304664066,0.297646544109819,0.253117719303054,0.324357447012876,3.77361530704302,0.336832962197759,0.01836993266835,285.16834010868,3.59137638954788,-0.477989698046263,1.02440739685492,0.377816494225368,0.0188182949051846,601,368,458,0.84774642431394,300
"X3.4","X3.4","habit3.4",3,4,"habituation","natural","light",2376.49886843778,5.92643109336105,7.95025902530446,0.220490327798255,0.250672521209514,0.235226475019225,0.25550884132315,0.22034709764002,0.296082047588954,1.68017746955807,0.162836711740243,0.0381321007007704,253.38791635072,3.2184618375969,0.168305861560841,0.543069140076953,0.363358368489734,0.0207083671368952,700,618,564,0.399451962617518,569
"X4.4","X4.4","habit4.4",4,4,"habituation","natural","light",1178.29713179718,2.93839683739944,5.79692164520114,0.122306020373142,0.14271887466803,0.197332264293701,0.286847424970573,0.255682748283051,0.400789687562149,6.52987270790906,0.229699524209254,0.0146718210661401,350.075354997937,4.90916748757723,-0.161203726206164,1.67069587915905,0.643951946034902,0.0245121509949591,700,368,549,0.606160299478046,300
"X5.4","X5.4","habit5.4",5,4,"habituation","natural","light",2003.00075285238,4.99501434626528,7.56395921712458,0.141806256764883,0.165252986424561,0.213237789867379,0.298390385709067,0.260090434687799,0.354103066476377,5.62038341188016,0.26761606523033,0.0237301930858198,487.335808013544,6.21815081531054,-0.336898711104257,1.24487146267353,0.496385770441152,0.0295410401762699,679,357,501,0.724992188579364,300
"X6.4","X6.4","habit6.4",6,4,"habituation","natural","light",2134.24162211466,5.32229830951288,8.83376539808772,0.15121578450251,0.174695142289009,0.210272174974303,0.283108694740332,0.248353651856201,0.362715013189283,4.33427274690352,0.202806213214262,0.0142163689730102,503.531442714137,6.79564599168933,-0.219025315902985,1.27682546082452,0.528289392267905,0.0181518218652151,700,357,523,0.618897371242556,300
"X7.4","X7.4","habit7.4",7,4,"habituation","natural","dark",1832.07092717311,4.56875542935937,7.2418733535495,0.183917919357189,0.210260933744329,0.223325742710162,0.266711337362957,0.232919111127209,0.333288626013232,2.63570206519566,0.187705661511099,0.0201596269790603,317.442334290109,4.49426638796028,0.0485839125160797,0.983695988425991,0.495630630812153,0.019830944187466,700,618,558,0.538733573218181,300
"X8.4","X8.4","habit8.4",8,4,"habituation","natural","natural",2382.23329885755,5.94073141859739,10.3897757266711,0.163009964422947,0.186566636891296,0.20313728304921,0.26904082120435,0.241059287609852,0.371907384118795,3.16681395875356,0.21097745053155,0.0208829626417302,557.580493895457,7.10894652041092,0.00552694981891526,1.19664499528736,0.576863472815752,0.0249894927319993,700,380,565,0.488529229826933,644
"X9.4","X9.4","habit9.4",9,4,"habituation","natural","light",1878.69097687941,4.68501490493618,7.94722488396922,0.144828422043502,0.167387615766183,0.20031024091198,0.288104084381786,0.254130802939818,0.374057623918458,3.86047592122305,0.208146784434977,0.0200174411993399,487.303614014011,5.88861215172054,-0.220518411433539,1.25690361102507,0.577386769472672,0.0251599941269322,700,357,529,0.604679946868348,518
"X10.4","X10.4","habit10.4",10,4,"habituation","natural","natural",1599.54249316839,3.98888402286381,6.70807137159754,0.156825609259931,0.182174607937298,0.219262051775699,0.272835140113243,0.237727307463192,0.358435033852183,4.0660200542147,0.202690710126305,0.0125606297315,347.046594018144,5.05828330312892,-0.133127551616625,1.2680948541335,0.534953299706333,0.0159280699271913,700,357,534,0.600845773257025,300
"X11.4","X11.4","habit11.4",11,4,"habituation","natural","natural",1376.26602017847,3.43208483835031,5.68556834537167,0.164053031925976,0.188219561443296,0.213738361390481,0.275339180968831,0.23800736995515,0.354085414343358,3.39310679021283,0.199502228212339,0.0161577740654999,295.46082636767,4.00994517849367,-0.12300282418749,1.16837006290938,0.540752639250474,0.0188782595013836,700,357,535,0.579957659147956,300
"X12.4","X12.4","habit12.4",12,4,"habituation","natural","light",2320.6645851839,5.78719347926159,9.72181418242414,0.13801885897068,0.159767448016359,0.203505096985656,0.291208527350082,0.25680043445485,0.374590605230942,5.29520091977515,0.207331798690016,0.0236430055978301,612.074598593062,7.88584717574879,-0.28822434559615,1.36263755549347,0.573605555053373,0.0322168473523457,700,357,517,0.640254225675861,302
"X13.4","X13.4","habit13.4",13,4,"habituation","natural","dark",2533.82830387214,6.31877382511755,9.95611879733377,0.152850259621792,0.178513318410068,0.22295485971887,0.282595988674376,0.247845265367449,0.349148639391295,4.07606619029778,0.192937450090337,0.0303740367728391,544.357015537879,7.51353854163718,-0.229899418685407,1.18908173477746,0.489185827050111,0.0361172123380419,700,618,515,0.681321163124945,569
"X14.4","X14.4","habit14.4",14,4,"habituation","natural","dark",1631.59357379684,4.06881190473027,6.61484945564649,0.164827009181147,0.189042840988694,0.21483003768108,0.274581176287394,0.238276635064018,0.353020329423859,3.25509047504881,0.197487537941171,0.0112497855748304,346.473913466294,4.58269412652394,-0.130232331662749,1.1262978564323,0.529724252525401,0.0126706093782545,700,380,533,0.578693704662524,300
"X15.4","X15.4","habit15.4",15,4,"habituation","natural","dark",1811.21241034302,4.51673917791276,8.6558918738169,0.106357092088419,0.124313553970025,0.178027203024412,0.30553634193097,0.276956005781305,0.417405595264604,9.2318888120197,0.233813409748436,0.0123143203446903,625.160583698632,7.71828397471102,-0.357000292157976,1.70881772683579,0.672611319237197,0.0210429288989413,700,369,526,0.622119886968033,518
"X16.4","X16.4","habit16.4",16,4,"habituation","natural","natural",1949.66735477527,4.86201335355429,8.00803318428651,0.151007306176718,0.174690421839244,0.213706229101256,0.28197369686778,0.248080126022175,0.360684817790146,4.1491276907354,0.201037653224546,0.0170516946817902,451.884534336892,6.07798094651912,-0.207358604305818,1.25009548607593,0.535850953157536,0.021316246551651,700,357,524,0.629544450216599,300
"X17.4","X17.4","habit17.4",17,4,"habituation","natural","light",2199.99651984197,5.48627561057849,7.7762654953357,0.160982599470793,0.187602657486301,0.231820046248896,0.292009982967496,0.252324328568664,0.322815708197019,2.5059967320471,0.330610702884525,0.0438639079549006,418.487259080531,4.67320259190429,-0.205552545871253,0.851798728976274,0.411667006313019,0.0373632210439166,594,618,513,0.802951448258771,568
"X18.4","X18.4","habit18.4",18,4,"habituation","natural","dark",1660.77412406823,4.14158135677864,8.204659074524,0.132310905900069,0.153790788723748,0.194904227994366,0.272325499396819,0.247948038130236,0.407570906208295,4.28482223896169,0.234811877144911,0.0114100617063102,480.439236225198,6.28984006524996,-0.0235359325723268,1.51870493983058,0.656589536710784,0.0173285170771451,700,300,573,0.518446780610914,643
"X19.4","X19.4","habit19.4",19,4,"habituation","natural","dark",1833.36099388234,4.57197255332255,8.47483295635171,0.132334535803399,0.15393370443195,0.195023127100093,0.285705432440466,0.253042109097371,0.394210363560383,5.49845325571297,0.223530101474299,0.0195703906390503,525.440908755561,6.93352077959614,-0.228138991299785,1.51652720980519,0.623489797509155,0.0296790299106365,700,369,534,0.583504637540645,518
"X20.4","X20.4","habit20.4",20,4,"habituation","natural","natural",2096.29927783129,5.22767899708552,9.24498065327666,0.123140904995662,0.143129592992196,0.2003629623688,0.295532353951364,0.26591255345655,0.388276650868489,6.7426358346356,0.215891195913286,0.0207715574055101,604.7239930866,7.87385801221884,-0.295272785284342,1.50618620933087,0.58829474814988,0.0312858333105037,700,357,523,0.654848377384164,300
"X21.4","X21.4","habit21.4",21,4,"habituation","natural","natural",2605.70572118454,6.49801925482429,12.6974905829249,0.141167487909115,0.16159573116403,0.185438962691315,0.272899244639546,0.249664535822587,0.407473671172837,4.47933010905904,0.234147584107852,0.0296303918885097,761.678409116412,9.86280542381029,-0.0543842259043197,1.51781720506413,0.649246033559891,0.0449735186011726,700,356,568,0.476319719355686,519
"X22.4","X22.4","habit22.4",22,4,"habituation","natural","dark",3160.15030719761,7.88067408278706,12.4378254935994,0.167967229837071,0.192857078510543,0.214762456171598,0.278315030949462,0.244244874123738,0.34630097410221,3.44643361211259,0.192577048789041,0.0457085555562697,652.678886108506,8.82892803801334,-0.162493558758839,1.12032650319818,0.512115173197556,0.0512085062125953,700,356,526,0.594388904182781,300
"X1.7","X1.7","exp1.7",1,7,"experiment","light","light",2401.56082646002,5.98892974179555,10.4316865573424,0.139356135706068,0.160705708815445,0.19644642578553,0.284718343705007,0.256969833419563,0.386794721890796,6.11599965905777,0.215366595607926,0.0341399888268499,659.123641976247,8.72604771841717,-0.25685311217172,1.45702956865896,0.601681777496105,0.0497429731944067,700,356,526,0.573909127343482,300
"X2.7","X2.7","exp2.7",2,7,"experiment","dark","dark",1230.50310431886,3.06858629505949,4.45240901144935,0.188301050960321,0.216007725514074,0.229632096160779,0.287329910387743,0.252380930551448,0.302564332067391,2.96270452854867,0.326046886793088,0.0374919799284799,191.844955428503,2.94958989177479,-0.189675072841925,0.961221099280705,0.372048864138816,0.0360380821610635,593,618,506,0.741205718062274,304
"X3.7","X3.7","exp3.7",3,7,"experiment","light","light",3734.76529133128,9.31362915543961,14.4355288722379,0.166408186991266,0.190059476934969,0.199311844742278,0.284197897890336,0.256877571293664,0.357463940571494,3.42588565085915,0.213489410844829,0.0634148843983899,864.226214127311,10.2218655035794,-0.184942477723216,1.09751691129009,0.548086352695769,0.0695989080547392,695,356,529,0.548267054214178,300
"X4.7","X4.7","exp4.7",4,7,"experiment","light","light",2526.16370232791,6.29966010555588,10.800548152959,0.132059044432978,0.15247222445216,0.200275827599741,0.296206199750012,0.263645765434826,0.378899217666908,7.22462609627528,0.210250423881344,0.03764338192883,701.293064809538,9.30558522906079,-0.325838754564713,1.47715671530499,0.590880294810752,0.0556051744029616,700,356,513,0.652895014061058,300
"X5.7","X5.7","exp5.7",5,7,"experiment","light","light",6308.64185150968,15.7322739439144,20.804674054083,0.201138839439675,0.229735587550734,0.237913326234077,0.267086631779824,0.232779911403254,0.301301863976451,2.6194473177043,0.305363373396768,0.156511245389099,790.91868690072,12.8622833392675,-0.299271618006586,0.817573059376003,0.330200254589569,0.127959377719514,595,356,472,0.613189653305055,300
"X6.7","X6.7","exp6.7",6,7,"experiment","light","light",3778.98453070762,9.42390157283695,13.2148628355614,0.182154967845354,0.209106845533227,0.227826165798403,0.274785822440612,0.23764052930814,0.322682043997139,2.51874520011625,0.17558767943391,0.0397296865476999,632.563449027574,7.96825717058525,-0.15217625246859,0.845536968844476,0.420410223000158,0.0335929187366834,700,356,517,0.63567091717359,300
"X7.7","X7.7","exp7.7",7,7,"experiment","dark","dark",2950.4579032151,7.35775038208255,11.7378228717294,0.168291495946311,0.192434019709996,0.211469896545188,0.278216202979595,0.248930869738605,0.349416494631215,3.49494307959547,0.194052278296056,0.0517468597371007,624.097429807293,8.37930669438209,-0.120742837624868,1.13884084934265,0.537096667509288,0.0589314376938146,700,618,536,0.571250101083858,300
"X8.7","X8.7","exp8.7",8,7,"experiment","natural","natural",3371.18742304613,8.40695117966617,12.8635891648828,0.203473361836729,0.230978107968971,0.214025871692732,0.253146254690566,0.225466875773237,0.336426705431717,2.18780315294237,0.188898120390797,0.0435252957265497,564.264059230789,6.98390609212435,0.124324653188395,0.830729945121636,0.477031445787745,0.0361577665303197,700,357,571,0.32743032671931,300
"X9.7","X9.7","exp9.7",9,7,"experiment","light","light",2357.7601484226,5.87970111826085,9.09278779484936,0.138555209768663,0.160583641026998,0.206832467160278,0.304551227894837,0.27133593923123,0.357771366203966,6.3935641386002,0.361830846288109,0.0545256824708691,607.551367955076,7.6706095547105,-0.374687829081229,1.3045917471702,0.529483813875149,0.0711337553603186,601,618,497,0.720446741239716,300
"X10.7","X10.7","exp10.7",10,7,"experiment","natural","natural",2427.40311319687,6.05337434712437,7.85815046493431,0.207453638645494,0.237650554332151,0.249429216844404,0.268759936653627,0.228530302542393,0.281998560924654,1.76347611372678,0.296456471398195,0.0674226930623902,245.854239502037,3.40209324716596,0.0224837818760719,0.562016001667253,0.266696242023636,0.037892632376563,593,618,533,0.76191578601309,568
"X11.7","X11.7","exp11.7",11,7,"experiment","natural","natural",2179.87512584267,5.43609757067999,9.43118212147121,0.14278394830841,0.16327113771272,0.192172880752715,0.283015374470364,0.248813194206602,0.389182686969207,3.83454271569761,0.250086951352289,0.0156677547377599,606.250354394419,6.97164970242619,-0.227661103953521,1.28247324699033,0.611866046861462,0.0200934762915831,692,357,531,0.551293018641873,300
"X12.7","X12.7","exp12.7",12,7,"experiment","light","light",3329.63612249877,8.30333197630616,11.4369457530203,0.195174530845454,0.223274413074885,0.228980843769501,0.269934402280037,0.240137485382468,0.313450233135158,2.53905574831164,0.315286122051378,0.0795254762367996,492.391150501383,6.93253667865264,-0.0645198358087587,0.834910214168826,0.39258273855943,0.0663966323967443,596,618,530,0.573454550739756,300
"X13.7","X13.7","exp13.7",13,7,"experiment","dark","dark",2533.40335606743,6.31771410490632,8.88476501683651,0.186721768657426,0.213793672692141,0.224812075278716,0.280310920154382,0.246610643578795,0.315761217006195,2.12419757127591,0.324583731013647,0.0625042417221398,416.944732425639,4.70211970315233,-0.0648681623579406,0.744275480826313,0.399097671998491,0.0465203745614296,598,618,534,0.645539385347201,568
"X14.7","X14.7","exp14.7",14,7,"experiment","dark","dark",1963.83914581039,4.89735447833016,6.54138032363977,0.182401936277757,0.209828874755565,0.234710202487004,0.280384452790597,0.239489473313545,0.310083453444342,2.34548039963969,0.31781390137005,0.0303272442379106,308.343758970846,3.75245046319641,-0.215486930372655,0.766219900928199,0.360288021067903,0.0232373380753971,600,618,501,0.736858286703601,300
"X15.7","X15.7","exp15.7",15,7,"experiment","dark","dark",1637.16658545912,4.08270968942424,8.06881213502092,0.09055644947149,0.107075373520115,0.167808979225514,0.312598356367628,0.290829584359743,0.436426792474054,13.8676208632396,0.243705817381614,0.0121567463413002,623.812080667677,7.486966682611,-0.401166942527722,1.83382293921242,0.70399734333325,0.0222933203068629,700,356,528,0.620677208630463,519
"X16.7","X16.7","exp16.7",16,7,"experiment","natural","natural",1388.90558209336,3.46360494287622,5.91457768714165,0.121788750725189,0.141865035829174,0.198438871920528,0.299058241786808,0.262699205685693,0.388020465535532,4.22328876568488,0.262887653517011,0.00816963898976986,407.87456442315,4.51411041736866,-0.309205840100449,1.30329829522073,0.598839646104639,0.0106474765679358,688,356,521,0.668056194040611,507
"X17.7","X17.7","exp17.7",17,7,"experiment","light","light",3262.24388550016,8.13527153491313,12.3870146562684,0.147779975517904,0.171506519465544,0.215085791827536,0.30356679098207,0.268079418302874,0.341249960939475,3.78551222081912,0.351208642065339,0.0852754872269017,757.676273996937,9.11479839233885,-0.274897714916958,1.12040493709669,0.47554136534091,0.0955430769023466,596,618,511,0.759925372718759,568
"X18.7","X18.7","exp18.7",18,7,"experiment","dark","dark",1395.10735536145,3.47907071162456,5.6196213099268,0.175647748750229,0.202770444020033,0.222555340710937,0.265529617274408,0.234032600482778,0.343664854812324,2.69950980839179,0.193434257904631,0.00946168513607004,260.662651114814,3.53790214281822,0.0498772722277673,1.01691009929666,0.518058090651513,0.0096216831712347,700,357,562,0.539963091342986,568
"X19.7","X19.7","exp19.7",19,7,"experiment","dark","dark",2200.25288194979,5.48691491758051,8.74326297695364,0.158489323016466,0.182169242548871,0.209890763443959,0.283973508573636,0.248639748459324,0.355010883622884,3.57264947373036,0.196254527921142,0.0317815362452798,499.38241569563,6.29598595152959,-0.209874728837246,1.14745463454459,0.533006620261141,0.0364678710575931,700,357,522,0.615292592151137,300
"X20.7","X20.7","exp20.7",20,7,"experiment","natural","natural",1252.26729518244,3.122861085243,5.39190314886712,0.149119104854383,0.170144902344137,0.194906756995418,0.285687448361667,0.258469711409887,0.377482265428061,3.42270721212883,0.210576536370053,0.01791341176357,328.497232309057,3.81657028669294,-0.125961039764053,1.2221389880991,0.602515079196322,0.021892678926132,700,357,548,0.560738935818947,568
"X21.7","X21.7","exp21.7",21,7,"experiment","natural","natural",2586.09833321576,6.44912302547572,12.2148963804792,0.12530468020242,0.143411517545019,0.173124020204909,0.290353665115537,0.270351836222125,0.418392161513602,5.63285139157658,0.234978500482566,0.0302411324743703,852.083918139863,10.0463860592686,-0.224698687674812,1.55779103912001,0.681313554899441,0.0471093651814153,700,356,547,0.526795322694068,300
"X22.7","X22.7","exp22.7",22,7,"experiment","dark","dark",1702.84113065565,4.24648661011383,7.82844506362126,0.12048363702027,0.139241284371062,0.182336729026804,0.300135730185075,0.27513485497586,0.40435442855675,8.54274369207135,0.225268756521232,0.0279711235726001,542.86817773163,6.91205972586532,-0.318080273423411,1.62771259172298,0.648581856898942,0.0455289500437607,700,356,527,0.603179438250233,302
"X1.8","X1.8","exp1.8",1,8,"experiment","light","light",3235.92960976903,8.06964989967339,12.8357103434407,0.151924502542494,0.175122114785441,0.207157443783975,0.287362708449514,0.258716892138334,0.361035164512852,4.14822620396514,0.197647743414505,0.0458772233017193,774.633147094279,9.74144553908372,-0.225358884822771,1.20717077694758,0.538848407980257,0.0553816432973343,700,356,523,0.621384029645657,300
"X2.8","X2.8","exp2.8",2,8,"experiment","dark","dark",1429.45018701618,3.56471368333212,4.74971735856839,0.185250815068104,0.21333540578728,0.238852476686649,0.282716248328917,0.239746478045445,0.300862979022555,2.41087356627994,0.316733515978417,0.0197084122284101,211.549036932156,2.77959440189366,-0.255604738527688,0.779752498746389,0.322401371852291,0.0153676836814267,598,356,490,0.795707106538584,300
"X3.8","X3.8","exp3.8",3,8,"experiment","light","light",3527.63923465711,8.79710532333443,12.4820030388074,0.174052832835477,0.20016896289914,0.219715849005042,0.284218675677186,0.250594013681502,0.329568646023132,3.40536900043219,0.177725968790258,0.0661415675433012,666.799300120022,8.81661375581832,-0.227381735880037,1.00221759678518,0.445558249390012,0.0662882428708518,700,619,508,0.653442928550806,300
"X4.8","X4.8","exp4.8",4,8,"experiment","light","light",2115.63115443103,5.27588816566343,8.75194535426406,0.13849186157632,0.159536281889401,0.201879693749762,0.294821792506548,0.259850941836154,0.372205133384301,5.20687970268131,0.205358317453285,0.0242657009713203,563.505591155253,7.0711027279677,-0.309732441615558,1.34026774373041,0.5734543565381,0.0325225362908683,700,356,513,0.651480203223057,300
"X5.8","X5.8","exp5.8",5,8,"experiment","light","light",2696.40050813357,6.72419079335054,11.2380367526956,0.113359134580452,0.13300767573464,0.197897139916354,0.31069228462496,0.276846579486129,0.385599629499781,21.3900215075899,0.226359053791096,0.0466987270567203,822.530070144657,10.7126498685025,-0.42338002024027,1.59315078910255,0.577988924813605,0.0743981138604986,696,356,501,0.716515062791313,301
"X6.8","X6.8","exp6.8",6,8,"experiment","light","light",3573.87537384926,8.91240741608295,12.3107973520369,0.181569920550577,0.209692673251896,0.234927651848691,0.274245248170552,0.235909419127558,0.316782096735733,2.79789149963758,0.172243502561686,0.0435930972397101,563.45202230967,7.91077063419186,-0.211104905776539,0.887613218838764,0.388966086967651,0.0386938093600903,700,356,502,0.686445289435802,301
"X7.8","X7.8","exp7.8",7,8,"experiment","dark","dark",1804.75028731875,4.50062415790213,8.08929537675429,0.154967140789827,0.177431184965001,0.205466781956419,0.273253010092557,0.244637451183449,0.373462225399142,4.12760041303112,0.213030105171884,0.0209158498575901,433.992099158989,6.12948954108865,-0.0485319555929169,1.3619198862288,0.592169514173272,0.0284857118584277,700,356,557,0.534891427350163,300
"X8.8","X8.8","exp8.8",8,8,"experiment","natural","natural",1825.60294368129,4.55262579471644,8.24592379231852,0.137443262147221,0.157854318621533,0.186247884054193,0.289897558094568,0.263410656950968,0.39362748757909,4.75183683648556,0.221499751869596,0.0122388292467601,531.614832039139,6.51061088573792,-0.209477384227266,1.43007819647594,0.639612716505906,0.0175024828561837,700,380,540,0.559253723297454,300
"X9.8","X9.8","exp9.8",9,8,"experiment","light","light",2659.42688991875,6.63198725665524,10.7731108265523,0.121816976644241,0.141704444170524,0.205004139788302,0.308278127268894,0.265678566401652,0.372431008010684,8.51606065709446,0.20390765060926,0.04764365278688,759.040342039916,9.50807629235396,-0.433243591769049,1.4336692644897,0.560427914737108,0.0683052406485687,700,356,493,0.741109347771234,303
"X10.8","X10.8","exp10.8",10,8,"experiment","natural","natural",1823.21345783258,4.54666697713861,6.7590684349255,0.185812736601153,0.213417874557724,0.231103609782033,0.264201048861399,0.225888073838033,0.32620283310485,2.4105481685574,0.18197270070805,0.0161999930033101,290.413623563003,3.95511349924359,0.0149506535844293,0.869892938966182,0.44415380885486,0.014092259524881,700,345,547,0.570677925164761,300
"X11.8","X11.8","exp11.8",11,8,"experiment","natural","natural",1293.5090959998,3.22570846882743,4.99109526974546,0.173421548943744,0.197282137322446,0.20744199880004,0.282412415100408,0.24649748658567,0.344000172376117,2.91943079906534,0.189593286194522,0.01438258343889,271.163197547094,3.28148280989768,-0.165272819579803,1.01729057092705,0.531044841445321,0.0146312665179543,700,380,526,0.574865200964099,300
"X12.8","X12.8","exp12.8",12,8,"experiment","light","light",3222.72581582905,8.03672273274077,11.7301186406487,0.153394212403189,0.178727437622659,0.225685969636413,0.289262358122947,0.250342226650844,0.339236293569692,4.01668253214035,0.183677603681746,0.03401623470383,678.398708395262,8.80976868847109,-0.327851642880088,1.09618920316624,0.443186970580775,0.0372882292147071,700,356,493,0.743290145683214,300
"X13.8","X13.8","exp13.8",13,8,"experiment","dark","dark",1645.81624668246,4.10427991691387,7.09875066718367,0.13455293342284,0.156323071849723,0.19764707410741,0.291110371962543,0.261211228224825,0.38410382206528,5.64865645123446,0.21348446779402,0.0256222531914099,457.886090734124,5.84203577781696,-0.277616598881343,1.4234009122384,0.589125652787783,0.0364707385662561,700,356,523,0.61479829840795,300
"X14.8","X14.8","exp14.8",14,8,"experiment","dark","dark",1837.71566036148,4.58283207072689,6.51726892819591,0.163231263512716,0.18850641509932,0.229106669629333,0.288330077064433,0.243542431117808,0.32681895471049,2.80628732190657,0.177755492983245,0.0112925887339195,353.826037081014,4.19488772463186,-0.270493452608282,0.915348339169344,0.42546803831216,0.0103366523425156,700,618,500,0.762988640608951,300
"X15.8","X15.8","exp15.8",15,8,"experiment","dark","dark",2501.93955124312,6.23925075122972,11.0884785151845,0.157544369541847,0.181023315581769,0.196794275092763,0.272439756871705,0.244592141620937,0.380398948962899,3.36198754130442,0.215257277634667,0.0187155343360406,628.972354138002,7.79028707962603,-0.0259275770422332,1.24859336324808,0.608547967292507,0.0233680919616218,700,357,563,0.490971529933173,518
"X16.8","X16.8","exp16.8",16,8,"experiment","natural","natural",1309.77352890852,3.26626815189156,6.02946168250825,0.110412423603166,0.127983428059913,0.181007732838595,0.307995901561023,0.281080467587116,0.407961805418894,10.2607849698775,0.226616282311153,0.0137612494121999,438.114726914335,5.44183980950254,-0.369133542999085,1.6660725808293,0.656430710215003,0.0229272403236197,700,618,521,0.638046893999401,300
"X17.8","X17.8","exp17.8",17,8,"experiment","light","light",3050.87798361124,7.6081745227213,12.5572549721577,0.121746062841566,0.143676408984387,0.209370355089089,0.303493791151883,0.268845789803508,0.372916819595138,6.639829602639,0.205080472552975,0.0337475937676999,844.791287326047,10.6660535824162,-0.347647443512427,1.40192020445414,0.540475362368472,0.0473114335546489,700,618,509,0.735190138892434,300
"X18.8","X18.8","exp18.8",18,8,"experiment","dark","dark",557.908691263355,1.39129349442233,3.33161302000731,0.0742482138484129,0.0858917987934162,0.156349291597043,0.283077578627301,0.247695618053909,0.492721622453924,11.0233536062232,0.291352452588693,0.012763605611938,240.97820364342,3.02938076483168,-0.00188359619027852,2.17738441024586,0.786229773399145,0.0277912758779604,700,368,602,0.519550812485043,619
"X19.8","X19.8","exp19.8",19,8,"experiment","dark","dark",1358.12310239983,3.38684065436365,5.12050052763815,0.157761475059602,0.182475229091895,0.220995084191735,0.293353593535767,0.254639062373167,0.335515367811099,3.92598598722167,0.183312346160739,0.0267785727497296,286.703940219564,3.81624204472344,-0.286830719860576,1.12678523561672,0.480249229182729,0.0301737004052836,700,618,502,0.73647220425269,300
"X20.8","X20.8","exp20.8",20,8,"experiment","natural","natural",1757.57519834377,4.38298054449817,8.04969737872917,0.128892061354107,0.148529015964712,0.190428556475774,0.28628108012855,0.258608791815881,0.401536825886578,5.4381855490639,0.226032064189353,0.0181000854888098,523.704539112074,6.56947988594524,-0.232793901793839,1.49886129296004,0.629831993598937,0.0271295175384448,700,356,537,0.569987629859698,300
"X21.8","X21.8","exp21.8",21,8,"experiment","natural","natural",2061.80807675691,5.14166602682521,8.15288778034442,0.160791593639863,0.183684906690925,0.200469976620335,0.28620192948171,0.256565609885818,0.359898353913958,2.79060789218145,0.197885281606423,0.02389572511753,488.955168179401,5.23134233385347,-0.144576248030061,1.01744109916132,0.555647533412614,0.0243124928288366,700,618,538,0.573772054019207,568
"X22.8","X22.8","exp22.8",22,8,"experiment","dark","dark",1811.57572989808,4.51764521171591,8.1824766711044,0.0952191701241814,0.112382739657019,0.182231241314343,0.322294616971632,0.293541300348401,0.407872231172854,28.8283753670384,0.223751441636417,0.0347410995223498,639.074161257057,7.89864254701914,-0.449591241156117,1.74839815365206,0.647864874396691,0.0607412742607188,700,618,510,0.703695607397992,300
"X1.9","X1.9","exp1.9",1,9,"experiment","light","light",3440.91053178797,8.58082426879794,15.7817577281102,0.124279506628433,0.144178155710512,0.190057621971675,0.289160728641636,0.262241382167669,0.403760301541839,6.40653378298359,0.226376211311832,0.04758340455039,1048.26324744436,13.3183729614477,-0.263034409547775,1.55210881195606,0.63422586515817,0.0738546215055306,700,356,533,0.584830759147844,300
"X2.9","X2.9","exp2.9",2,9,"experiment","dark","dark",1095.18469291569,2.73113389754536,3.2256984210017,0.221760168573295,0.253738208448964,0.255043467887665,0.257486917022329,0.215122506116429,0.273145500199547,1.75180092248138,0.283068354822411,0.0186162024837904,78.8817872457097,1.38433712269128,-0.904650176247224,0.506872667039674,0.209342876361622,0.00943604420310944,592,357,323,0.669902628970028,300
"X3.9","X3.9","exp3.9",3,9,"experiment","light","light",2879.43114222608,7.1806262898406,11.222821867982,0.130378340107885,0.151333059540029,0.20301686139525,0.30879094193012,0.27031613764598,0.365394186542426,6.11528062060591,0.275702170007665,0.0369449296839992,792.004759719676,9.38761224077931,-0.390468912843371,1.30735284943895,0.550730474200174,0.0483000590946978,679,619,499,0.72890866569369,300
"X4.9","X4.9","exp4.9",4,9,"experiment","light","light",2708.82496497904,6.75517447625695,10.9368668006061,0.147597234213884,0.169083301150665,0.204347532331303,0.294388709823294,0.259193088476593,0.361075070180827,4.06063257986199,0.19930914674457,0.0308606208956599,676.099269621285,8.24347689509098,-0.262005811942778,1.22032035205976,0.561758545991911,0.0376598437561745,700,356,518,0.653793938989828,300
"X5.9","X5.9","exp5.9",5,9,"experiment","light","light",1874.15544782034,4.67370435865421,7.6215219625746,0.113554014266218,0.133241445525568,0.192444330020079,0.318575461617118,0.283641665064613,0.383077296608093,9.6913976825907,0.206879805685057,0.02311798458111,586.260864307792,6.8351006214851,-0.425617360197978,1.46245891844414,0.582097909458083,0.0338091027270985,700,618,503,0.727516941179531,301
"X6.9","X6.9","exp6.9",6,9,"experiment","light","light",2529.12035939265,6.30703331519365,11.2916907064882,0.104907339523721,0.124226145791707,0.193827789017118,0.307380027211214,0.274964897182098,0.401377573071805,27.4973743495769,0.222727944397868,0.0401711920987902,818.967024434237,10.8810445639534,-0.426231821741276,1.72522389214926,0.61660580694829,0.0693043003849504,700,356,506,0.689446147033811,302
"X7.9","X7.9","exp7.9",7,9,"experiment","dark","dark",1483.01018408413,3.69827976080831,7.13071778854566,0.141800461415207,0.162811114420786,0.199545273777554,0.278314202138585,0.251242453152663,0.387498988291806,6.94319756467582,0.223002124788518,0.0207278606516401,396.433073273753,6.10371002704628,-0.112512522849443,1.6504186870147,0.630380452936663,0.0342096485613035,700,356,552,0.552238907105404,300
"X8.9","X8.9","exp8.9",8,9,"experiment","natural","natural",1881.56911592854,4.69219230904872,8.25578339839543,0.121966872371997,0.141309872511598,0.180874387209643,0.309033976930491,0.284587278971145,0.395523922650386,7.44453620267201,0.217744579995445,0.0353817541760399,594.248323647252,7.14681123765394,-0.334804118833621,1.52312837303611,0.638857956204941,0.0538909536733154,700,618,524,0.631863206700383,300
"X9.9","X9.9","exp9.9",9,9,"experiment","light","light",2020.38784800217,5.03837368579094,7.66933350823136,0.143269275072708,0.165346089037065,0.20883096323435,0.306738058234763,0.270205687749895,0.348801379667577,5.1213782608581,0.355483384704269,0.0435298574722003,501.217586075431,6.17181992544313,-0.352705357558496,1.22496271819788,0.508596642253516,0.0533224525319126,596,618,499,0.74388324502469,300
"X10.9","X10.9","exp10.9",10,9,"experiment","natural","natural",2422.90088905524,6.04214685549936,7.91085139890201,0.208516832760957,0.238406805178247,0.240110475325164,0.264044086129641,0.228192135467778,0.294871480802256,1.80783611259356,0.160156214623775,0.0551056950547002,275.66669597676,3.53498383889794,0.0962402493811154,0.585054273495607,0.332074506291349,0.0322398223856981,700,618,552,0.589303762565857,568
"X11.9","X11.9","exp11.9",11,9,"experiment","natural","natural",1367.48205143608,3.41017967939173,5.15385203386931,0.158187505470849,0.18313314218517,0.221023480140233,0.285096147842235,0.240569400500064,0.343080246649413,3.67073855316944,0.188889141639336,0.0115885130073701,288.19244940806,3.74981522786489,-0.271741825909848,1.09959461975732,0.477162250404502,0.0127426665538919,700,357,505,0.690912241614682,300
"X12.9","X12.9","exp12.9",12,9,"experiment","light","light",2279.39276235898,5.68427122782788,9.34753358748536,0.125726500625938,0.146855926523585,0.204009337251569,0.300085911716135,0.263176281422704,0.377649014262977,7.46390548391951,0.206969265952821,0.02787937872341,638.85864564673,8.09516864159691,-0.374260441876566,1.42413483050673,0.555596407033649,0.0397039942928962,700,356,504,0.694708053250234,300
"X13.9","X13.9","exp13.9",13,9,"experiment","dark","dark",2213.5689309687,5.52012202236583,8.39406929652719,0.177102963471701,0.20261564063585,0.222488894880527,0.276023732011613,0.242388332270667,0.331831642879413,2.70225158836486,0.183716844320783,0.0400246704298803,404.383971871136,5.28774517309261,-0.0474600955089418,0.957903675257232,0.477495896610735,0.0383397789057418,700,618,542,0.611261584949835,300
"X14.9","X14.9","exp14.9",14,9,"experiment","dark","dark",1214.45794887193,3.02857343858336,3.94288722717448,0.201934314426982,0.232598969521476,0.25189261484043,0.269910124342197,0.229005034072414,0.283899254007199,2.26578639570567,0.296700926115057,0.03302681613537,127.85131440309,2.20270234714898,-0.256622242415099,0.727306896074248,0.295133935577178,0.0240206311306308,592,618,477,0.811155259036809,300
"X15.9","X15.9","exp15.9",15,9,"experiment","dark","dark",1961.69816941995,4.89201538508715,8.09362142781674,0.156112691067718,0.178832395662073,0.196575103270448,0.28859594786515,0.259069405046841,0.366092692285494,3.24667026868188,0.203062363042818,0.02271999232735,489.632866256008,5.60072231641339,-0.161440677613542,1.14487013542244,0.585670201574692,0.02601144069261,700,356,538,0.575147799943679,568
"X16.9","X16.9","exp16.9",16,9,"experiment","natural","natural",1576.80376336922,3.93217896102049,6.62208820917137,0.146368049272462,0.168448545313027,0.199032848706123,0.287304267429702,0.263399686187806,0.374616628452905,3.84843252802198,0.207592744272416,0.0216969731148895,407.31222536513,4.90136472994878,-0.165267317002995,1.24647549832695,0.582948608800865,0.0270447453755684,700,618,541,0.58589468303047,568
"X17.9","X17.9","exp17.9",17,9,"experiment","light","light",3853.6863108733,9.61019030142967,14.1936996257324,0.160817943462785,0.186106485758603,0.226334637124137,0.29540856827441,0.259174175799096,0.325141437766223,3.50439787520821,0.33796187471994,0.108736645960699,764.322282948978,10.1434461638908,-0.250497376454545,1.05548858510968,0.411827004574447,0.11477028859463,595,618,506,0.781879584806179,300
"X18.9","X18.9","exp18.9",18,9,"experiment","dark","dark",1070.85584683398,2.67046345843885,4.8021836087955,0.154070455368406,0.176736768291283,0.205441432282369,0.276517173226142,0.24390088013141,0.371207682224574,4.56604049289854,0.211392974146416,0.0109654485925201,258.417917164263,3.75046634604581,-0.081637730618354,1.40442526341039,0.591037163195502,0.0154001530279632,700,357,550,0.555819043369733,300
"X19.9","X19.9","exp19.9",19,9,"experiment","dark","dark",1606.50205402933,4.00623953623274,6.84956572467367,0.151182493392955,0.172341702787372,0.197260040189255,0.287565716960474,0.255170279013712,0.37125537050915,4.40023814854958,0.207246559549213,0.0243671110155002,411.540279105534,5.29293049416201,-0.21953067680831,1.32117174879144,0.59428359560679,0.0321931386733435,700,356,528,0.581240108725597,300
"X20.9","X20.9","exp20.9",20,9,"experiment","natural","natural",1715.98719450225,4.2792698117263,6.16338477148312,0.183677327318128,0.210883686572363,0.228784723728119,0.283746132156189,0.250283499350014,0.311445404839567,2.35442816428173,0.323784690377886,0.0559208666892701,279.448013744429,3.5456006041911,-0.0631867073083747,0.828552711136662,0.376497243622714,0.0463333857045066,593,618,534,0.706309162777376,568
"X21.9","X21.9","exp21.9",21,9,"experiment","natural","natural",2070.59803735239,5.16358612806083,10.312496592897,0.123987820273945,0.141428487870882,0.170859687539043,0.289827577058753,0.269229955241413,0.422384707934739,5.41310752898762,0.240799956853275,0.0259915050962203,693.273936034304,8.40739928277102,-0.174899710992827,1.62820936346585,0.697210450623665,0.0423196119682362,700,345,557,0.519618940381972,569
"X22.9","X22.9","exp22.9",22,9,"experiment","dark","dark",1966.31712380436,4.90353397457447,9.0605338837124,0.140047405682539,0.161229296719955,0.187275706534249,0.286858813094588,0.260874037789567,0.393120031476563,5.75189592865972,0.222663335212781,0.0307208899221401,564.388119971585,7.48530825444347,-0.191496695131827,1.52651297885481,0.635196575034423,0.0468958371881169,700,356,542,0.545285356253729,300
"X1.10","X1.10","exp1.10",1,10,"experiment","light","light",5155.81703526101,12.8573990904264,18.0843143388231,0.194007800880626,0.222815233846643,0.243254929232613,0.280940124860763,0.244074789743477,0.289555698986169,2.62674968709246,0.313726291592364,0.187075190298302,663.327378115041,11.1996406953133,-0.17058083246641,0.871065805498135,0.281057791273207,0.162954801325907,592,618,502,0.818331871479577,300
"X2.10","X2.10","exp2.10",2,10,"experiment","dark","dark",1499.99658667806,3.74063986702757,4.19098960163061,0.244715935247598,0.280291601618024,0.270563989858187,0.244036880646776,0.199870538565738,0.248117930044255,1.74200289934418,0.223788919403143,0.0280219439031399,26.5368455541413,1.78514423638558,-0.94072229642735,0.477229645152692,0.0235596270316349,0.0133729023453841,341,357,315,0.566923283546918,300
"X3.10","X3.10","exp3.10",3,10,"experiment","light","light",4760.35480855618,11.8712089988932,15.989761217548,0.20281617323569,0.231884705007478,0.240387011063464,0.273693661574921,0.236443187429541,0.290708441508793,1.97784167984082,0.306358836164852,0.126394017930501,569.026167645787,7.90531169839593,-0.00658832412281946,0.665923049550637,0.294576587340849,0.0841686898652371,592,618,533,0.710080019229146,568
"X4.10","X4.10","exp4.10",4,10,"experiment","light","light",3429.90262426328,8.55337312783861,12.9600693628901,0.16318356087204,0.188181959300915,0.218830647466328,0.285859734277669,0.252197668520908,0.339685855277524,4.05252893021222,0.186438032264688,0.0744456552355004,707.336074190158,9.76204916708821,-0.246310894698921,1.14130986935619,0.479609579833367,0.0849655610509647,700,618,509,0.668404664512351,300
"X5.10","X5.10","exp5.10",5,10,"experiment","light","light",3168.32656327667,7.90106374881962,11.4863800374675,0.152398164861574,0.17679855079699,0.219951993749608,0.297978796264003,0.259779478382463,0.337342327374983,3.74173431868159,0.346118815458647,0.0495440550760993,696.310294370069,8.41657896150154,-0.317866136786866,1.06524630468384,0.4531770938543,0.0527766215888673,601,619,498,0.758986793130356,301
"X6.10","X6.10","exp6.10",6,10,"experiment","light","light",3188.68287777101,7.95182762536412,11.7792185952806,0.153611109784289,0.17953150066542,0.234786447752393,0.28218986750008,0.243119737717844,0.336933200570043,6.73171620869983,0.18482641958343,0.0532667145121701,628.882278433585,10.0294094485347,-0.516555396743657,1.2612709833578,0.419653830915403,0.0671837613930039,700,356,447,0.758009403156065,300
"X7.10","X7.10","exp7.10",7,10,"experiment","dark","dark",1647.05075951636,4.10735850253456,6.80624303863514,0.189915589323935,0.217241889571842,0.22231118760399,0.251518714713665,0.220956409598192,0.343364298145563,2.65132008873267,0.196939397236303,0.0156410932660802,283.195251094291,4.23912823889456,0.160251220305776,1.03208138181235,0.512629422919852,0.0161428811511119,700,345,579,0.403927935607228,300
"X8.10","X8.10","exp8.10",8,10,"experiment","natural","natural",1863.01696524019,4.64592759411519,8.64146356105333,0.149959505625017,0.169715554478113,0.173084558739111,0.280203362647318,0.256721417113368,0.403710576206227,3.67974457248313,0.228215353827294,0.0205873301863599,556.68248759166,6.29307676658026,-0.10887067730873,1.35453612633814,0.67284799712673,0.0278862824822762,700,357,559,0.456287526037691,519
"X9.10","X9.10","exp9.10",9,10,"experiment","light","light",2857.43876749078,7.12578246257052,10.8739527556241,0.147578395636586,0.170788144610448,0.208670604389822,0.298365856311998,0.265669849724487,0.353009940601769,4.64737275210579,0.191280888059866,0.0584570613838,692.059671342382,8.53414630246259,-0.311600383673688,1.1976433952748,0.526149881038064,0.0700107134734818,700,618,506,0.693940453206658,300
"X10.10","X10.10","exp10.10",10,10,"experiment","natural","natural",1700.21956655249,4.23994904377178,5.88123771670885,0.206659101368731,0.236293989815364,0.23531766771707,0.257983046321013,0.224842277847818,0.30737131893966,1.9368714706326,0.16914772033204,0.0239750757119204,210.411406324977,2.84477515020309,0.119428927785152,0.67094559883494,0.366825603075486,0.0160859715306474,700,618,560,0.480836860661153,568
"X11.10","X11.10","exp11.10",11,10,"experiment","natural","natural",2620.84860252785,6.53578205119164,8.36625656212819,0.223224635349839,0.253835755654419,0.242959926291481,0.261153705211119,0.224297175799236,0.280143162284835,1.57469875852175,0.29081167634396,0.0672458214730396,231.983605276471,3.05333146019821,0.159663337735363,0.46717155441888,0.276714011691843,0.0314153349457344,592,618,558,0.53718519392461,568
"X12.10","X12.10","exp12.10",12,10,"experiment","light","light",3169.53914222997,7.90408763648371,10.7971521024716,0.164911562274631,0.190592638541458,0.229890065258995,0.290706589740997,0.247522039452807,0.322107203172824,3.08073703282792,0.330873734067758,0.0404530628375905,599.304001475812,7.29242190725578,-0.367914768031734,0.922613999570981,0.39620180802849,0.0373225620994856,602,356,478,0.783124808523495,301
"X13.10","X13.10","exp13.10",13,10,"experiment","dark","dark",1391.64301662935,3.47043146291608,5.30644200443427,0.190765146488375,0.217431532186024,0.226128025495385,0.265012712541112,0.237094809455005,0.325444887428073,2.78113295437951,0.180611179937768,0.0350660506816798,221.679904242779,3.39842750405661,0.046525078103084,0.979252159384537,0.443326205950553,0.0343385058511225,700,618,556,0.519567625133114,300
"X14.10","X14.10","exp14.10",14,10,"experiment","dark","dark",1069.35252627746,2.66671452937022,3.75883498366809,0.223367697205335,0.253445101487759,0.228658605540471,0.24961495522197,0.216344948659592,0.30550141046323,1.88555722365766,0.169861096120489,0.0277795232039701,126.297280974473,1.76534736286993,0.182797758293298,0.661993379278898,0.436323095520657,0.0183898604405528,700,356,569,0.279571083004897,300
"X15.10","X15.10","exp15.10",15,10,"experiment","dark","dark",2280.2123504777,5.68631508847308,7.75238981562989,0.206072018746685,0.235923939133724,0.234922811978783,0.26363799281009,0.231314857096732,0.302866444282534,1.9638689713531,0.165486730348774,0.0581795405084904,283.144755895348,3.80488113317002,0.091919680841545,0.669129493172656,0.377523244425913,0.0389296464534642,700,618,555,0.535940690737761,568
"X16.10","X16.10","exp16.10",16,10,"experiment","natural","natural",1887.31634694469,4.7065245559718,8.25182191813898,0.156324099647779,0.179047693625,0.195583985484249,0.276722620059224,0.252792692401067,0.378545890284794,3.83171504697811,0.212630883933274,0.0162786181473402,477.006998226849,6.09826357234111,-0.085692441489215,1.29570418677693,0.591141936715518,0.0210922736884517,700,357,554,0.505633447742008,300
"X17.10","X17.10","exp17.10",17,10,"experiment","light","light",2500.92147989932,6.23671191994843,10.6465466379439,0.104157654225745,0.122425741505847,0.190730168267974,0.321731677732287,0.286826555052351,0.39094879296626,15.3322213489286,0.213462316891557,0.03486361479961,819.708774318834,9.95215628212714,-0.433590166775001,1.59573769157025,0.60179748827749,0.0556331842001239,700,618,506,0.735367162577481,300
"X18.10","X18.10","exp18.10",18,10,"experiment","dark","dark",2313.30015033025,5.76882830506298,7.14910022195744,0.218224610611151,0.25017140444293,0.251518210606641,0.255971263445276,0.21483020560462,0.281729220675014,1.54084932230919,0.153010187754406,0.0250374617695197,192.376783662402,2.50938618993031,0.131266720306088,0.434990618065017,0.254079320427253,0.0108910609699026,700,618,550,0.597116996702431,568
"X19.10","X19.10","exp19.10",19,10,"experiment","dark","dark",1057.9483645102,2.63827522321747,3.73904458161086,0.211889062667949,0.242034356447362,0.24199035408918,0.254856208853512,0.216030690217154,0.298589820462247,2.51004714721179,0.165580875317075,0.0247772955957899,113.709992472608,2.24941336660987,0.0379367950224278,0.852607547087765,0.362289322638874,0.0211253092213949,700,356,538,0.493158511713785,300
"X20.10","X20.10","exp20.10",20,10,"experiment","natural","natural",2393.85251452284,5.96970701876019,9.25627437662793,0.14959618436808,0.173277134283045,0.208734966435221,0.291801056425104,0.268124924930584,0.357369937547869,4.51611267410428,0.193530277817345,0.0632762476335902,566.847832325253,7.20666334063583,-0.22576187716178,1.2072055325309,0.508117039538597,0.0763874362210652,700,618,524,0.650376592810443,300
"X21.10","X21.10","exp21.10",21,10,"experiment","natural","natural",2325.55189171155,5.79938127608865,9.80602000149415,0.172175289276238,0.196850857813937,0.205395107015356,0.266679328183772,0.24282119542533,0.362945947046203,2.8166131896139,0.204347066962898,0.0234826191412099,508.333974681008,6.32452668261981,0.0180001285345335,1.09055197124155,0.566338359116975,0.0256090165943609,700,357,565,0.463595021888851,568
"X22.10","X22.10","exp22.10",22,10,"experiment","dark","dark",1898.10160018782,4.73342044934619,8.54945863832072,0.128050505093591,0.147102054643588,0.180299152635034,0.295807178580503,0.270688107512446,0.403051814403251,5.28194374604625,0.224415854884139,0.0224051819723803,592.391307639069,6.9308388556469,-0.276116722207984,1.46423478113047,0.647289114927121,0.0328064467215165,700,356,533,0.571635795620062,300
"X1.11","X1.11","exp1.11",1,11,"experiment","light","light",2264.15572993504,5.64627364073575,9.27961297736867,0.139759456097905,0.162472559817294,0.202063161357344,0.294795885966758,0.269473813829733,0.370902793109021,6.01269578590002,0.203358606254356,0.0480122662790805,592.129642304529,7.73627645947437,-0.27111056994222,1.37015613335847,0.559149594651166,0.0657843011187224,700,618,521,0.642781295791194,300
"X2.11","X2.11","exp2.11",2,11,"experiment","dark","dark",1010.81330125526,2.52073142457671,3.38683256235979,0.217654772816646,0.249471787108687,0.250071214953254,0.276551655988355,0.233544547620064,0.263482760685615,2.23083349905333,0.299698459746198,0.0348668716298399,86.6167009432697,1.86864101476244,-0.865937964553496,0.741309048851258,0.137306845248578,0.0258471274443356,590,618,332,0.8905543985241,300
"X3.11","X3.11","exp3.11",3,11,"experiment","light","light",6188.66308995956,15.4330750373056,19.3317290473953,0.240645438580633,0.274431156838384,0.256672301533625,0.258344815894705,0.21912118702778,0.251956426539601,1.4457710544023,0.281670675536621,0.194215836564599,264.180194088832,5.9605047525589,0.608456406764095,0.386216274990619,0.0908688177516426,0.0750093169421662,591,618,624,0.648368358714138,568
"X4.11","X4.11","exp4.11",4,11,"experiment","light","light",3041.72577823635,7.58535106792108,10.2592921932193,0.18691780437772,0.215157960469676,0.236446375914292,0.27283161101188,0.230765629804068,0.311231805456422,2.64264098701446,0.169334841309931,0.0424365845144603,448.24109985467,6.37708032878826,-0.18308683264158,0.840709977914842,0.34463999552688,0.0356768600299333,700,345,505,0.685407263514413,300
"X5.11","X5.11","exp5.11",5,11,"experiment","light","light",3429.65826772801,8.55276375992021,11.735467146282,0.171411712351864,0.199903177969777,0.241112473194314,0.279721882787505,0.242870050395599,0.315336506097098,7.84365751229772,0.322852703124728,0.0850929169199794,552.81667725815,10.2392943304901,-0.927214344058332,1.19719129604319,0.294753315452246,0.101872499491525,601,356,328,0.784175505468614,300
"X6.11","X6.11","exp6.11",6,11,"experiment","light","light",2447.3484028212,6.10311322399302,9.68691914329814,0.138217266172757,0.162498913527752,0.212967155722751,0.295171966378411,0.263898256170088,0.361239058940013,10.131362438256,0.197784248805075,0.0412281533942895,607.589002065563,8.73078721115835,-0.34340591922734,1.43054649172085,0.511313502928258,0.05897879019833,700,618,501,0.703346536408232,300
"X7.11","X7.11","exp7.11",7,11,"experiment","dark","dark",1064.31690870104,2.65415687955372,4.23662665978893,0.18157179639897,0.20731576240672,0.227715422349896,0.263032166351696,0.235156486934704,0.334840099275123,3.11401337843073,0.188640427709415,0.0259839972784002,178.344845973393,2.87612298015351,0.047153563205427,1.08362960844918,0.455496967879233,0.0281570287967374,700,356,559,0.53129838840354,300
"X8.11","X8.11","exp8.11",8,11,"experiment","natural","natural",2384.10051217685,5.94538781091484,7.73641585111988,0.244055180328208,0.275533008524897,0.246556415561364,0.237175853696414,0.195231016803607,0.279216656169554,1.58330700277317,0.156383303659183,0.0469859891245505,162.450479856747,2.85017721415971,0.40700551597038,0.479392985757331,0.246192623570962,0.0225247536151798,700,468,598,0.0270892185039602,300
"X9.11","X9.11","exp9.11",9,11,"experiment","light","light",1969.87707474709,4.91241165772342,7.10646541239556,0.163112863655174,0.189431178045666,0.222495326162306,0.292171682737914,0.255757683478858,0.329846339125495,3.71876462936301,0.336451718163511,0.0424014374415904,393.771507803086,5.19549063429759,-0.25783608518457,1.05762525543418,0.427018757331915,0.0448448311049386,596,618,505,0.734351272248662,300
"X10.11","X10.11","exp10.11",10,11,"experiment","natural","natural",1487.57447910381,3.7096620426529,5.29923381820726,0.198996622786324,0.228395078401821,0.245990917937683,0.256853495400431,0.216792215486093,0.305460490007267,2.61015173966655,0.169882328606679,0.0223630667763599,175.679491813072,3.26899406713277,-0.0822092987941936,0.881210748997235,0.340941585225905,0.0197065748238713,700,357,517,0.593225281013217,300
"X11.11","X11.11","exp11.11",11,11,"experiment","natural","natural",1619.13921093819,4.03775364323737,5.52275699572744,0.214666029030054,0.244826842510698,0.244741867406266,0.249833766492036,0.206090478552365,0.297930883932638,1.95859041161385,0.166114721729673,0.0252485290326301,162.779640959653,2.70299592522533,0.0626308922861531,0.669430620105425,0.307468772096701,0.0169021384470634,700,356,540,0.456409781886047,300
"X12.11","X12.11","exp12.11",12,11,"experiment","light","light",2401.62683921845,5.98909436214078,8.73964739577214,0.152774229888103,0.179200842987399,0.233417657432569,0.283779101706018,0.246829733847836,0.337540110841954,6.59262530702468,0.182832407431483,0.0476436350232299,476.980373072005,7.41397712198004,-0.564666079686882,1.23791289194681,0.377780252602264,0.0589786700144649,700,356,435,0.757698200920354,300
"X13.11","X13.11","exp13.11",13,11,"experiment","dark","dark",2741.42640347834,6.83647482164175,8.30333470987252,0.253969594597355,0.289028254245923,0.253812228122887,0.232977372152112,0.193475493562903,0.266478236167361,1.43434256945275,0.147226855799889,0.0413251349380301,135.628332856446,2.5143865975394,0.354386708973343,0.367789930210784,0.19711373842064,0.0151989684948093,700,468,583,-0.249111943957136,300
"X14.11","X14.11","exp14.11",14,11,"experiment","dark","dark",929.985459087782,2.31916573338599,3.85671332906878,0.182216704333263,0.207949584264767,0.219092947191216,0.260966134422685,0.231327159412768,0.344884374715743,3.2552594951344,0.196135844436596,0.01213701607736,170.587556567387,2.67194961519793,0.060119912514406,1.15211671884134,0.527361950893786,0.0139832591395725,700,357,564,0.472112934004064,300
"X15.11","X15.11","exp15.11",15,11,"experiment","dark","dark",1459.51591259756,3.63969055510612,6.13619967508039,0.178179447168125,0.203437126389952,0.214977889821513,0.259114151524608,0.220216371543694,0.354731047997547,3.14287024538835,0.202835788183133,0.0191733823865698,288.381324371395,4.18378064534658,0.160187302909364,1.14948800784098,0.532364645289672,0.0220395731231116,700,357,582,0.460625189533135,300
"X16.11","X16.11","exp16.11",16,11,"experiment","natural","natural",1471.22682421329,3.66889482347454,5.59370224545925,0.17129781795584,0.196164533743469,0.234840868088168,0.268821099704076,0.228305120492072,0.332200258584685,3.4647680154721,0.185390009229893,0.0224335172743699,253.497137574776,3.97925007420845,-0.183494367320756,1.08459093696232,0.39245333550508,0.0243311895199692,700,345,512,0.654620795768849,300
"X17.11","X17.11","exp17.11",17,11,"experiment","light","light",3125.88170630221,7.79521622519255,11.1754652912855,0.164202907267208,0.191738004219823,0.234874929012123,0.2890988831928,0.252768743585429,0.31944856208879,4.20667323345651,0.331892125397686,0.0775470670398004,562.397344166294,8.5188612074682,-0.505716379048474,1.09283193196578,0.330711761192278,0.0847459110913853,597,618,442,0.8030707608163,300
"X18.11","X18.11","exp18.11",18,11,"experiment","dark","dark",1363.3367800968,3.39984234438104,5.77920699980572,0.162415348984727,0.185765473897143,0.210013845702121,0.275871393305648,0.248567881848427,0.358999219549788,3.12568246678948,0.201725882165507,0.01694213363694,302.797169356083,3.9302645492497,-0.0218562564052869,1.15601376509275,0.567906457334216,0.0195853396943436,700,357,558,0.557897410998814,568
"X19.11","X19.11","exp19.11",19,11,"experiment","dark","dark",1690.89019538852,4.21668377902375,4.87854000382729,0.2355443631762,0.269225798065411,0.272548219716923,0.243046072078074,0.186194853820897,0.256092148712259,1.65204058877754,0.141090879565473,0.0323608710138394,50.3935578265771,1.92550117598755,-0.669572432332311,0.456638741934151,0.0900504726557475,0.014777227427653,700,357,368,0.774674693241324,300
"X20.11","X20.11","exp20.11",20,11,"experiment","natural","natural",1418.25572664132,3.53679732329507,5.30900041911723,0.157551688901507,0.183053976704185,0.238666851467834,0.275918262385259,0.234112688804652,0.335163486586573,4.44211129476977,0.185097770028116,0.02514899406088,263.3023765046,4.11384791914089,-0.320225138928728,1.1631562521395,0.401356347335515,0.0292522096769316,700,357,487,0.744093246027901,300
"X21.11","X21.11","exp21.11",21,11,"experiment","natural","natural",2597.17967361093,6.47675729080032,9.23821164253556,0.211697855282705,0.241486657683937,0.244406471710411,0.247427935465541,0.210717230409412,0.303601379335602,2.15125848478094,0.170393648176712,0.04247291176112,273.136642605859,4.94388266817418,0.197282722558478,0.763326838755644,0.362684347863543,0.0324207134673632,700,356,570,0.419832526332215,300
"X22.11","X22.11","exp22.11",22,11,"experiment","dark","dark",2535.36505805967,6.32260612982461,11.1808038720173,0.148867510561038,0.170271771754366,0.188824816341414,0.282265821614541,0.259157370513489,0.387297193956211,3.66991257397951,0.217308097983941,0.0304256767275399,694.475670208318,8.13419073161399,-0.106128596863173,1.28652498109029,0.620779433579123,0.0391433931765577,700,356,555,0.518246326318762,569
